"cluster ID","marker gene","myAUC","avg_diff","power","","",""
"Glu1","Rasd1","0.898","2.3964852506745","0.796","","",""
"Glu1","Cd302","0.876","2.4493078373496","0.752","","",""
"Glu1","Crh","0.856","4.0172756282878","0.712","","",""
"Glu1","Fam46a","0.849","2.1222784579811","0.698","","",""
"Glu1","Pcp4","0.152","-2.1195492875667","0.696","","",""
"Glu1","Tmtc4","0.831","2.5705181101525","0.662","","",""
"Glu1","Mrps18a","0.174","-4.9784310192244","0.652","","",""
"Glu1","Ccdc85b","0.186","-2.2233999293848","0.628","","",""
"Glu1","Prkcb","0.209","-2.8963717642431","0.582","","",""
"Glu1","Ppt1","0.212","-2.6815796336541","0.576","","",""
"Glu1","Gm16517","0.218","-2.0200711938004","0.564","","",""
"Glu1","Fam159a","0.778","2.3079249793127","0.556","","",""
"Glu1","Rwdd2a","0.224","-2.7071292704746","0.552","","",""
"Glu1","Aldoc","0.225","-2.053815423281","0.55","","",""
"Glu1","Nt5c","0.237","-2.5323020513786","0.526","","",""
"Glu1","Snca","0.245","-2.0781439856261","0.51","","",""
"Glu1","Calb2","0.246","-6.304091181432","0.508","","",""
"Glu1","Osbpl1a","0.25","-3.0242853134781","0.5","","",""
"Glu1","Ppp1r1a","0.251","-2.5579080811101","0.498","","",""
"Glu1","Rcn1","0.251","-4.6409458573688","0.498","","",""
"Glu1","Cpne6","0.252","-2.1892031899049","0.496","","",""
"Glu1","Pgf","0.746","2.4655930093397","0.492","","",""
"Glu1","Ttc14","0.255","-2.003422374239","0.49","","",""
"Glu1","Wdr12","0.255","-2.4442670752308","0.49","","",""
"Glu1","AI462493","0.257","-4.5210848039667","0.486","","",""
"Glu1","Ramp1","0.743","2.8235351674809","0.486","","",""
"Glu1","Myo9a","0.264","-4.6234232072814","0.472","","",""
"Glu1","Sowaha","0.733","2.5942773233884","0.466","","",""
"Glu1","Ctsf","0.27","-4.4308911335132","0.46","","",""
"Glu1","Dapl1","0.723","4.3480600880399","0.446","","",""
"Glu1","Atp9a","0.278","-4.4856116860307","0.444","","",""
"Glu1","Arpp21","0.279","-5.0754249292391","0.442","","",""
"Glu1","Tspan17","0.281","-4.3115112752506","0.438","","",""
"Glu1","Mrps28","0.282","-4.3463047043774","0.436","","",""
"Glu1","Pigyl","0.282","-2.2810710980278","0.436","","",""
"Glu1","Sez6l","0.284","-4.6578125029716","0.432","","",""
"Glu1","Gnal","0.288","-2.333900226255","0.424","","",""
"Glu1","Ehmt2","0.289","-4.2785404086917","0.422","","",""
"Glu1","B3galnt1","0.29","-2.1667679355075","0.42","","",""
"Glu1","Adcyap1","0.291","-5.3216049257689","0.418","","",""
"Glu1","Cd3eap","0.292","-4.3650971433361","0.416","","",""
"Glu1","Amotl1","0.293","-4.568427001524","0.414","","",""
"Glu1","Grm5","0.295","-4.6881604280162","0.41","","",""
"Glu1","Gpc5","0.705","2.4321007131003","0.41","","",""
"Glu1","1810043H04Rik","0.296","-2.2048274142338","0.408","","",""
"Glu1","Rgs10","0.296","-2.5837923581506","0.408","","",""
"Glu1","Ap2a1","0.297","-4.2709600857465","0.406","","",""
"Glu1","March6","0.297","-4.1366951850864","0.406","","",""
"Glu1","Bdnf","0.298","-3.1119993551002","0.404","","",""
"Glu1","Hlf","0.298","-4.9152603478646","0.404","","",""
"Glu1","Nrgn","0.298","-5.9552336329231","0.404","","",""
"Glu1","N6amt2","0.3","-4.1528509184314","0.4","","",""
"Glu2","Sln","1","7.397098631657","1","","",""
"Glu2","Calb2","0.989","2.4532853089509","0.978","","",""
"Glu2","Nefm","0.962","2.3937856314668","0.924","","",""
"Glu2","Ctxn3","0.952","3.3750239280504","0.904","","",""
"Glu2","Gpx3","0.134","-3.3702204964657","0.732","","",""
"Glu2","Celf6","0.172","-2.8988996923774","0.656","","",""
"Glu2","Mctp1","0.822","2.7494999951976","0.644","","",""
"Glu2","Arhgdig","0.182","-2.0035607057335","0.636","","",""
"Glu2","Baiap3","0.2","-3.412775713897","0.6","","",""
"Glu2","Ebf2","0.798","3.5218070877536","0.596","","",""
"Glu2","Prkg2","0.782","2.6206014840359","0.564","","",""
"Glu2","Pgm5","0.769","4.6383954140573","0.538","","",""
"Glu2","Gadd45g","0.233","-5.2522561946152","0.534","","",""
"Glu2","Cygb","0.235","-2.1449063827088","0.53","","",""
"Glu2","Rbfox1","0.236","-2.683933082821","0.528","","",""
"Glu2","Pde1c","0.763","2.0154915884363","0.526","","",""
"Glu2","AW551984","0.244","-4.8857707539201","0.512","","",""
"Glu2","Zfp503","0.755","2.8296478425801","0.51","","",""
"Glu2","Eomes","0.754","2.9595779215235","0.508","","",""
"Glu2","Dmrtb1","0.752","3.2707415260866","0.504","","",""
"Glu2","Dgkb","0.249","-3.5426779576957","0.502","","",""
"Glu2","Gm973","0.747","3.1852528245349","0.494","","",""
"Glu2","Scn3a","0.254","-2.2394345173289","0.492","","",""
"Glu2","Rsph9","0.256","-4.6761240913292","0.488","","",""
"Glu2","Gm15417","0.741","2.2476925421073","0.482","","",""
"Glu2","Hnrnpul2","0.266","-2.257173080534","0.468","","",""
"Glu2","Kcnma1","0.275","-4.7465655528149","0.45","","",""
"Glu2","Zfp365","0.277","-4.3453232531328","0.446","","",""
"Glu2","Ngb","0.279","-2.2546099804669","0.442","","",""
"Glu2","Sirpa","0.282","-4.3970819423814","0.436","","",""
"Glu2","Sez6l","0.283","-4.6618065879321","0.434","","",""
"Glu2","Ccl3","0.717","3.5327258797736","0.434","","",""
"Glu2","Rab9b","0.285","-4.2977910638178","0.43","","",""
"Glu2","Rps12","0.287","-2.0725399239717","0.426","","",""
"Glu2","Nr3c1","0.288","-2.2763040859056","0.424","","",""
"Glu2","Stambp","0.289","-4.3023241502959","0.422","","",""
"Glu2","Stim1","0.292","-4.2734837746327","0.416","","",""
"Glu2","Aig1","0.293","-4.3149115976834","0.414","","",""
"Glu2","Gpd2","0.296","-2.4838406549994","0.408","","",""
"Glu2","Mrpl3","0.296","-2.5037685398003","0.408","","",""
"Glu2","Gpr123","0.299","-2.1875183164616","0.402","","",""
"Glu3","Meis2","0.948","5.2975044605395","0.896","","",""
"Glu3","Fezf2","0.921","2.8262961580765","0.842","","",""
"Glu3","Samd3","0.781","2.7122272467418","0.562","","",""
"Glu3","Calb1","0.233","-2.1575379989125","0.534","","",""
"Glu3","Klhl7","0.237","-4.5630419048464","0.526","","",""
"Glu3","Rnf181","0.247","-2.043259190421","0.506","","",""
"Glu3","Serpini1","0.254","-2.2966268706877","0.492","","",""
"Glu3","2900053A13Rik","0.257","-2.0060898562115","0.486","","",""
"Glu3","D17Wsu104e","0.261","-2.3522871044113","0.478","","",""
"Glu3","Sema5b","0.739","2.7237379243324","0.478","","",""
"Glu3","As3mt","0.262","-4.7108402378606","0.476","","",""
"Glu3","Srsf6","0.263","-4.430289779518","0.474","","",""
"Glu3","Fip1l1","0.266","-4.524071319569","0.468","","",""
"Glu3","Gpd2","0.269","-4.5571510869997","0.462","","",""
"Glu3","Lrp11","0.275","-2.3362594584926","0.45","","",""
"Glu3","Necab2","0.275","-5.0803929391541","0.45","","",""
"Glu3","Ngb","0.28","-2.4339728338114","0.44","","",""
"Glu3","Cobra1","0.284","-4.3340618269018","0.432","","",""
"Glu3","Nucb2","0.286","-2.1425666512653","0.428","","",""
"Glu3","Ubr1","0.287","-4.3007499571374","0.426","","",""
"Glu3","Dtx1","0.29","-4.2761889083571","0.42","","",""
"Glu3","Adcyap1","0.291","-5.3196047035804","0.418","","",""
"Glu3","Ube2e2","0.291","-2.2349013303302","0.418","","",""
"Glu3","Ubash3b","0.708","2.3221268216743","0.416","","",""
"Glu3","Hiat1","0.295","-4.1571837486593","0.41","","",""
"Glu3","Cartpt","0.297","-7.1610811936629","0.406","","",""
"Glu4","Tcf7l2","0.975","3.0889623325791","0.95","","",""
"Glu4","Shox2","0.963","5.6652917888251","0.926","","",""
"Glu4","Foxp1","0.807","2.3337547136993","0.614","","",""
"Glu4","Slc1a2","0.776","2.1425769188434","0.552","","",""
"Glu4","Rgs16","0.763","2.0581081405304","0.526","","",""
"Glu4","Ramp3","0.748","3.4357904324569","0.496","","",""
"Glu4","Ptpn3","0.746","3.4165782959666","0.492","","",""
"Glu4","6330403A02Rik","0.737","2.3580724568998","0.474","","",""
"Glu4","Mgll","0.719","2.0170494551453","0.438","","",""
"Glu4","Gabrd","0.717","4.1274291151442","0.434","","",""
"Glu4","Nexn","0.707","2.0966479240772","0.414","","",""
"Glu4","Gbx2","0.703","3.574631353927","0.406","","",""
"Glu5","Foxb1","0.993","5.8859536266405","0.986","","",""
"Glu5","1500016L03Rik","0.928","2.9198228023547","0.856","","",""
"Glu5","Rprm","0.905","2.5256298820803","0.81","","",""
"Glu5","Lhx1","0.874","2.9805927535782","0.748","","",""
"Glu5","B230323A14Rik","0.813","5.0245849166888","0.626","","",""
"Glu5","Nxph4","0.799","2.2628423490464","0.598","","",""
"Glu5","Pitx2","0.774","2.9035947721368","0.548","","",""
"Glu5","Pvalb","0.769","3.9895575055414","0.538","","",""
"Glu5","Grm2","0.746","2.4254500520266","0.492","","",""
"Glu5","Gm13629","0.736","2.5479741507457","0.472","","",""
"Glu5","Pcsk5","0.725","2.2923908166174","0.45","","",""
"Glu5","Frmd5","0.721","2.0014851334706","0.442","","",""
"Glu5","Npy","0.718","3.6804131805914","0.436","","",""
"Glu5","Ifit2","0.707","3.2661775921235","0.414","","",""
"Glu5","Fam183b","0.294","-2.0958580837164","0.412","","",""
"Glu6","Tac1","0.886","2.5762094732558","0.772","","",""
"Glu6","Aldh3b2","0.821","2.0230422826077","0.642","","",""
"Glu6","Irx3","0.752","3.0244627336026","0.504","","",""
"Glu6","Slc18a2","0.747","2.3816199925615","0.494","","",""
"Glu6","Cxcl14","0.737","2.1325515906721","0.474","","",""
"Glu6","Cd36","0.734","3.9105273141496","0.468","","",""
"Glu6","Irx5","0.729","3.1417102995007","0.458","","",""
"Glu6","Ndst3","0.713","2.2617157631802","0.426","","",""
"Glu7","Nrgn","0.872","2.0600886364593","0.744","","",""
"Glu7","Fezf1","0.827","3.0546999960945","0.654","","",""
"Glu7","Nrn1","0.214","-3.0286514381847","0.572","","",""
"Glu8","Hmx3","0.839","3.1359996047318","0.678","","",""
"Glu8","Ptprr","0.803","2.028325171401","0.606","","",""
"Glu8","Cd24a","0.775","2.3170441564589","0.55","","",""
"Glu8","Eomes","0.742","2.5987030801691","0.484","","",""
"Glu8","Nrn1","0.267","-2.0918048850751","0.466","","",""
"Glu8","Otof","0.725","2.2178186286426","0.45","","",""
"Glu8","C1ql2","0.723","2.2977468018798","0.446","","",""
"Glu8","Hmx2","0.723","3.1516304824486","0.446","","",""
"Glu8","Nefm","0.283","-2.0258072159762","0.434","","",""
"Glu8","Tmem35","0.284","-2.4787318183822","0.432","","",""
"Glu8","Nrgn","0.295","-5.1797012461029","0.41","","",""
"Glu9","Samd3","0.81","3.1046271885567","0.62","","",""
"Glu9","Gad2","0.757","2.2239427332143","0.514","","",""
"Glu9","C1ql1","0.727","4.2763886101434","0.454","","",""
"Glu9","Dgkb","0.295","-2.3176542691763","0.41","","",""
"Glu9","Kcnb1","0.3","-3.2191126358927","0.4","","",""
"Glu10","Htra1","0.993","3.8228731933558","0.986","","",""
"Glu10","Trh","0.955","5.4913627028875","0.91","","",""
"Glu10","Ppp1r17","0.824","2.118893007192","0.648","","",""
"Glu10","Ghrh","0.784","5.2796961687954","0.568","","",""
"Glu10","Tmeff2","0.246","-4.6577360148343","0.508","","",""
"Glu10","Nefm","0.249","-2.4796219036546","0.502","","",""
"Glu10","Ccnh","0.258","-2.0646749700562","0.484","","",""
"Glu10","Agtr1a","0.737","2.7004043550641","0.474","","",""
"Glu10","Thrsp","0.735","2.7241551433469","0.47","","",""
"Glu10","Gabra1","0.269","-2.0024480211196","0.462","","",""
"Glu10","Osbpl1a","0.271","-2.5203552852877","0.458","","",""
"Glu10","Ddb1","0.275","-2.0704299179609","0.45","","",""
"Glu10","Calb2","0.278","-3.198160440374","0.444","","",""
"Glu10","Gfra1","0.721","2.3213039008763","0.442","","",""
"Glu10","Tmem47","0.28","-4.5616917310542","0.44","","",""
"Glu10","Ttyh1","0.285","-2.2464225979835","0.43","","",""
"Glu10","Hpca","0.292","-2.4646863690119","0.416","","",""
"Glu10","Wars","0.294","-4.2040534186037","0.412","","",""
"Glu10","Slc8a1","0.295","-2.1389276035706","0.41","","",""
"Glu10","Nrgn","0.297","-5.9572425165103","0.406","","",""
"Glu10","Rgs7bp","0.298","-2.5290993318988","0.404","","",""
"Glu11","Kiss1","1","6.426731184527","1","","",""
"Glu11","Tac2","0.996","4.3712922811578","0.992","","",""
"Glu11","Ecel1","0.941","2.2512678813213","0.882","","",""
"Glu11","Sdc2","0.932","2.1694628483276","0.864","","",""
"Glu11","Prlr","0.905","2.0833482918935","0.81","","",""
"Glu11","Thy1","0.099","-2.6693940575184","0.802","","",""
"Glu11","Nhlh2","0.897","2.4670743617559","0.794","","",""
"Glu11","Lxn","0.877","3.0135275853226","0.754","","",""
"Glu11","Ncdn","0.136","-2.6464470961567","0.728","","",""
"Glu11","Tbx3","0.857","2.549877703119","0.714","","",""
"Glu11","Npr3","0.847","4.4096737384771","0.694","","",""
"Glu11","Nr4a2","0.846","2.1284215818548","0.692","","",""
"Glu11","Fam159a","0.841","2.3548476664938","0.682","","",""
"Glu11","Nr5a2","0.832","4.9922123795301","0.664","","",""
"Glu11","Tacr3","0.825","3.4944192516334","0.65","","",""
"Glu11","Pcp4","0.178","-2.215351568509","0.644","","",""
"Glu11","Esr1","0.817","2.9399017335306","0.634","","",""
"Glu11","Snca","0.185","-3.2227464258626","0.63","","",""
"Glu11","Gabra1","0.233","-2.241253514085","0.534","","",""
"Glu11","Nrn1","0.236","-5.353213335581","0.528","","",""
"Glu11","Gabrb2","0.25","-4.1482930536095","0.5","","",""
"Glu11","Prrt2","0.275","-2.0249469288611","0.45","","",""
"Glu11","Rgs10","0.279","-2.8759314210493","0.442","","",""
"Glu11","Socs2","0.719","2.0481621882208","0.438","","",""
"Glu11","Hs3st5","0.715","2.1250042846783","0.43","","",""
"Glu11","Arpp21","0.286","-2.9679836937256","0.428","","",""
"Glu11","Ptn","0.287","-2.5723214183556","0.426","","",""
"Glu11","Smoc1","0.711","2.0549676504882","0.422","","",""
"Glu11","Col2a1","0.71","3.7161932074333","0.42","","",""
"Glu11","Slc38a3","0.71","3.7277760267221","0.42","","",""
"Glu11","Klhl13","0.292","-2.4644238796335","0.416","","",""
"Glu11","Adcyap1","0.296","-3.4850661730664","0.408","","",""
"Glu11","Hpca","0.297","-2.4569531472093","0.406","","",""
"Glu12","Lhx9","0.911","2.0020594421518","0.822","","",""
"Glu12","Vgll2","0.879","4.3857716355631","0.758","","",""
"Glu12","C1ql3","0.863","3.10718970833","0.726","","",""
"Glu12","Gal","0.804","2.485598919918","0.608","","",""
"Glu12","Pi16","0.789","2.0789080917685","0.578","","",""
"Glu12","Rbfox1","0.226","-2.9425921101349","0.548","","",""
"Glu12","Nefm","0.227","-3.0726860586634","0.546","","",""
"Glu12","Npvf","0.765","8.9527434911367","0.53","","",""
"Glu12","Cachd1","0.764","2.2948034287728","0.528","","",""
"Glu12","Pde4b","0.259","-3.0565253003036","0.482","","",""
"Glu12","Igfbp3","0.734","2.2336885363585","0.468","","",""
"Glu12","Nrn1","0.268","-2.7894019909245","0.464","","",""
"Glu12","Gabrb2","0.275","-2.5853093834377","0.45","","",""
"Glu12","Trhr","0.723","2.7715866340866","0.446","","",""
"Glu12","Hcrt","0.716","7.2383164016711","0.432","","",""
"Glu12","Galntl1","0.285","-2.3262838200735","0.43","","",""
"Glu12","Hs6st2","0.289","-2.1471872344252","0.422","","",""
"Glu12","Tmem35","0.297","-2.146356709798","0.406","","",""
"Glu12","Rfx4","0.702","3.4100163165837","0.404","","",""
"Glu13","Pomc","1","7.0069340103769","1","","",""
"Glu13","Tbx3","0.969","2.8588066185993","0.938","","",""
"Glu13","Asb4","0.959","2.666351895509","0.918","","",""
"Glu13","Cartpt","0.946","2.7079526114239","0.892","","",""
"Glu13","Serpina3n","0.944","2.7862311784074","0.888","","",""
"Glu13","Cited1","0.93","2.5148912251886","0.86","","",""
"Glu13","Plagl1","0.856","3.0598805430609","0.712","","",""
"Glu13","Gch1","0.826","2.9026021298042","0.652","","",""
"Glu13","Fam159b","0.79","3.3038513460838","0.58","","",""
"Glu13","Gad1","0.788","2.4635303920444","0.576","","",""
"Glu13","Vwa5a","0.779","2.1146226707951","0.558","","",""
"Glu13","Cd44","0.776","2.0187693210957","0.552","","",""
"Glu13","Ostf1","0.769","2.0004762189275","0.538","","",""
"Glu13","Pon2","0.744","3.5236855510182","0.488","","",""
"Glu13","Six6","0.741","3.0151992362246","0.482","","",""
"Glu13","Nrn1","0.267","-2.9659428016389","0.466","","",""
"Glu13","Snca","0.276","-2.0451868601821","0.448","","",""
"Glu13","Rgs10","0.281","-3.1547236232106","0.438","","",""
"Glu13","Tex264","0.286","-2.4289215476715","0.428","","",""
"Glu13","Gal","0.714","2.1003624581156","0.428","","",""
"Glu13","Adcyap1","0.289","-5.3316670902269","0.422","","",""
"Glu13","Bdnf","0.289","-3.1515036828825","0.422","","",""
"Glu13","Slc18a2","0.703","2.6809944854449","0.406","","",""
"Glu13","Dgkb","0.298","-2.0801836775512","0.404","","",""
"Glu14","Avp","0.944","5.5420965500647","0.888","","",""
"Glu14","Fkbp11","0.899","2.5232864182561","0.798","","",""
"Glu14","Fign","0.894","2.2713068273407","0.788","","",""
"Glu14","Sim1","0.878","2.7640470891548","0.756","","",""
"Glu14","Oxt","0.864","7.1324265970412","0.728","","",""
"Glu14","Pou3f2","0.852","2.4394333633248","0.704","","",""
"Glu14","Nog","0.84","2.3065754412968","0.68","","",""
"Glu14","Cd302","0.832","2.1619074029216","0.664","","",""
"Glu14","Angpt1","0.81","2.2675432519677","0.62","","",""
"Glu14","Caprin2","0.803","2.4268410771896","0.606","","",""
"Glu14","Tmem178","0.8","2.1891427585002","0.6","","",""
"Glu14","Odz2","0.214","-3.3945144910827","0.572","","",""
"Glu14","Snca","0.214","-2.5460194594814","0.572","","",""
"Glu14","Celf2","0.221","-2.3499255818981","0.558","","",""
"Glu14","Cpne6","0.221","-3.1746368359165","0.558","","",""
"Glu14","Vim","0.775","2.1204735525025","0.55","","",""
"Glu14","Sparcl1","0.24","-2.2020615044088","0.52","","",""
"Glu14","Grm3","0.75","2.4025322717445","0.5","","",""
"Glu14","Magt1","0.739","2.4335113799714","0.478","","",""
"Glu14","Nnmt","0.723","2.5180983785374","0.446","","",""
"Glu14","Arpp21","0.28","-4.5451482150109","0.44","","",""
"Glu14","Bdnf","0.287","-2.9241300064245","0.426","","",""
"Glu14","Ebf3","0.711","2.2078664237443","0.422","","",""
"Glu14","Fgf13","0.293","-2.7547337629234","0.414","","",""
"Glu14","Enc1","0.294","-2.9837199089273","0.412","","",""
"Glu15","Sst","0.971","5.2396425320277","0.942","","",""
"Glu15","Pkib","0.932","2.6706666097739","0.864","","",""
"Glu15","Serpinf1","0.838","2.6685641097955","0.676","","",""
"Glu15","Zeb2","0.816","2.6894915649694","0.632","","",""
"Glu15","Ghr","0.807","2.3590814645818","0.614","","",""
"Glu15","Msn","0.805","2.9501086001271","0.61","","",""
"Glu15","Sfrp2","0.794","2.5862351595339","0.588","","",""
"Glu15","Prdm8","0.788","3.504072531154","0.576","","",""
"Glu15","Snca","0.224","-2.643692690847","0.552","","",""
"Glu15","2610018G03Rik","0.758","2.1067699831631","0.516","","",""
"Glu15","Cpne6","0.251","-2.074462019881","0.498","","",""
"Glu15","Ptprk","0.747","2.1965435724751","0.494","","",""
"Glu15","Hs6st2","0.276","-2.6516189968958","0.448","","",""
"Glu15","Hpca","0.278","-3.27817225303","0.444","","",""
"Glu15","Nefm","0.278","-2.2543711821072","0.444","","",""
"Glu15","Car10","0.281","-4.7794878745708","0.438","","",""
"Glu15","Ifi35","0.716","2.8639837262676","0.432","","",""
"Glu15","Arpp21","0.287","-3.8437876723563","0.426","","",""
"Glu15","Dyrk2","0.712","2.3287448593196","0.424","","",""
"Glu15","Lhfpl3","0.292","-3.2847854930559","0.416","","",""
"Glu15","Krtap17-1","0.707","2.5578416749902","0.414","","",""
"Glu15","Tmem35","0.297","-2.1363270557635","0.406","","",""
"Glu15","Cdh13","0.3","-2.1252370900416","0.4","","",""
"GABA1","Pvalb","1","7.0872964178023","1","","",""
"GABA1","Ubash3b","0.996","4.0196135311054","0.992","","",""
"GABA1","Got1","0.991","1.3990259063241","0.982","","",""
"GABA1","Cplx3","0.99","3.6113005101101","0.98","","",""
"GABA1","Ldhb","0.979","1.0923145147879","0.958","","",""
"GABA1","Ndrg4","0.979","1.1893615379805","0.958","","",""
"GABA1","Cplx1","0.977","2.5378206962695","0.954","","",""
"GABA1","Sncb","0.975","1.6535197014878","0.95","","",""
"GABA1","Ahi1","0.028","-1.3400228571404","0.944","","",""
"GABA1","AI593442","0.97","2.1815562430025","0.94","","",""
"GABA1","Atp1a3","0.965","1.1588307517705","0.93","","",""
"GABA1","Cend1","0.961","1.3044868067368","0.922","","",""
"GABA1","Eef1a1","0.04","-1.0882500014184","0.92","","",""
"GABA1","Scn1a","0.958","1.9454653130852","0.916","","",""
"GABA1","Snap25","0.956","1.1473048334992","0.912","","",""
"GABA1","Atp6v1g2","0.95","1.0918488616094","0.9","","",""
"GABA1","Vdac1","0.948","1.1639962848875","0.896","","",""
"GABA1","Gad2","0.947","1.1028837380829","0.894","","",""
"GABA1","6330403K07Rik","0.056","-1.2558112679607","0.888","","",""
"GABA1","Esrrg","0.943","3.9109084105089","0.886","","",""
"GABA1","Timp3","0.939","2.3163372576748","0.878","","",""
"GABA1","Dlgap1","0.937","1.8371410356476","0.874","","",""
"GABA1","Slc25a5","0.934","1.0509156436284","0.868","","",""
"GABA1","Sparcl1","0.934","2.0273185448806","0.868","","",""
"GABA1","Elavl4","0.93","1.1092586699489","0.86","","",""
"GABA1","Syt7","0.923","1.8215149909721","0.846","","",""
"GABA1","Plcb1","0.92","1.7665404467813","0.84","","",""
"GABA1","Cygb","0.919","1.3545049945581","0.838","","",""
"GABA1","Mtfp1","0.915","1.5586525467363","0.83","","",""
"GABA1","Slc32a1","0.915","1.0658259169771","0.83","","",""
"GABA1","Slc35f1","0.912","2.1843827984318","0.824","","",""
"GABA1","Mgst3","0.909","1.8913014841925","0.818","","",""
"GABA1","Gaa","0.092","-1.3371255393173","0.816","","",""
"GABA1","Syngr1","0.907","1.0809293388489","0.814","","",""
"GABA1","Fndc5","0.904","2.2734564071208","0.808","","",""
"GABA1","Rps21","0.098","-1.0735300295275","0.804","","",""
"GABA1","Nr2f2","0.895","1.8982123031056","0.79","","",""
"GABA1","Mxra7","0.894","1.9658776709704","0.788","","",""
"GABA1","Pcp4","0.108","-4.8495264668595","0.784","","",""
"GABA1","Eepd1","0.892","3.5349750889843","0.784","","",""
"GABA1","Kcnc1","0.892","1.1158137677708","0.784","","",""
"GABA1","Ak5","0.891","2.093074950028","0.782","","",""
"GABA1","Six3","0.889","1.9490451120884","0.778","","",""
"GABA1","Hs3st4","0.888","3.2773244360652","0.776","","",""
"GABA1","Serpini1","0.888","2.0245330979652","0.776","","",""
"GABA1","Gad1","0.887","1.3695951962758","0.774","","",""
"GABA1","Ptprd","0.887","1.9940547244972","0.774","","",""
"GABA1","Kcnmb2","0.878","2.7793881189524","0.756","","",""
"GABA1","Nefl","0.878","1.1555894590517","0.756","","",""
"GABA1","Olfm1","0.878","1.1431902117292","0.756","","",""
"GABA1","Phactr1","0.876","1.1237511478179","0.752","","",""
"GABA1","Fut9","0.87","1.4717011964594","0.74","","",""
"GABA1","Hap1","0.131","-1.2562067089369","0.738","","",""
"GABA1","Fam81a","0.869","1.6633365549453","0.738","","",""
"GABA1","Rgs7bp","0.864","1.6299596108485","0.728","","",""
"GABA1","Nnat","0.139","-3.7090879309348","0.722","","",""
"GABA1","Dnm3","0.854","1.0035256688621","0.708","","",""
"GABA1","Nr2f1","0.854","1.9360977472148","0.708","","",""
"GABA1","Tro","0.147","-1.5153195381347","0.706","","",""
"GABA1","Glrb","0.853","1.1332507879558","0.706","","",""
"GABA1","Meis2","0.852","1.8884050624985","0.704","","",""
"GABA1","Oxr1","0.848","1.3706425728191","0.696","","",""
"GABA1","Serpinf1","0.846","4.4078542286247","0.692","","",""
"GABA1","Klhdc8a","0.845","1.7595748274704","0.69","","",""
"GABA1","Akap7","0.844","1.3430177492791","0.688","","",""
"GABA1","Fign","0.843","3.4636485258133","0.686","","",""
"GABA1","Lynx1","0.843","2.0564134507245","0.686","","",""
"GABA1","Slc6a7","0.842","1.7686985373697","0.684","","",""
"GABA1","Vstm2a","0.842","1.46589426693","0.684","","",""
"GABA1","Dnm1","0.841","1.0114043059087","0.682","","",""
"GABA1","Adcy1","0.84","3.2001037657847","0.68","","",""
"GABA1","Peg3","0.163","-1.123306421885","0.674","","",""
"GABA1","Gm13629","0.837","3.1381744224516","0.674","","",""
"GABA1","Hspa5","0.164","-1.0509451092779","0.672","","",""
"GABA1","Nrip3","0.836","1.3195846656072","0.672","","",""
"GABA1","Lbh","0.833","1.2361895856219","0.666","","",""
"GABA1","Ramp3","0.833","3.125660738932","0.666","","",""
"GABA1","Pnck","0.169","-1.3124628487202","0.662","","",""
"GABA1","Nexn","0.831","1.8531187004286","0.662","","",""
"GABA1","Slc25a33","0.831","1.2134616702454","0.662","","",""
"GABA1","Sec14l1","0.83","1.1534753947697","0.66","","",""
"GABA1","Fgf13","0.828","1.3862560236355","0.656","","",""
"GABA1","Ugcg","0.828","1.6349694319891","0.656","","",""
"GABA1","Celf6","0.173","-1.9974810400147","0.654","","",""
"GABA1","Fos","0.173","-2.0443859298547","0.654","","",""
"GABA1","Scg2","0.173","-1.4016627485163","0.654","","",""
"GABA1","Coq7","0.827","1.0236779651163","0.654","","",""
"GABA1","Fndc4","0.826","1.3445033416175","0.652","","",""
"GABA1","H1f0","0.824","1.3994137560138","0.648","","",""
"GABA1","A730017C20Rik","0.177","-1.1796477016759","0.646","","",""
"GABA1","1700021F05Rik","0.822","1.0935323287362","0.644","","",""
"GABA1","2410004B18Rik","0.822","1.0658717214334","0.644","","",""
"GABA1","Inpp5j","0.821","2.5012302819434","0.642","","",""
"GABA1","Ppif","0.821","1.6124304234157","0.642","","",""
"GABA1","Sh3bp5","0.821","1.0978882385571","0.642","","",""
"GABA1","Zfp804a","0.82","2.3289580994057","0.64","","",""
"GABA1","Dlk1","0.181","-3.0596078494099","0.638","","",""
"GABA1","Slc6a17","0.819","1.1410467069222","0.638","","",""
"GABA1","Spats2l","0.819","1.5525527545213","0.638","","",""
"GABA1","Baiap3","0.182","-1.8906059106405","0.636","","",""
"GABA1","Pkp4","0.817","1.2563741136034","0.634","","",""
"GABA1","Tmem132a","0.817","1.1493675409506","0.634","","",""
"GABA1","Hopx","0.813","2.1612174687286","0.626","","",""
"GABA1","9030425E11Rik","0.811","1.3867130700905","0.622","","",""
"GABA1","Camk2d","0.811","1.0402278570737","0.622","","",""
"GABA1","Osbpl1a","0.811","1.3971444369253","0.622","","",""
"GABA1","Tppp3","0.189","-1.8056559773473","0.622","","",""
"GABA1","Kcnk1","0.81","1.3069163352116","0.62","","",""
"GABA1","Ctxn1","0.191","-2.4210284120674","0.618","","",""
"GABA1","Bai1","0.808","1.1458803888285","0.616","","",""
"GABA1","Sco2","0.808","1.5743371560915","0.616","","",""
"GABA1","Wbscr17","0.808","1.4304542595519","0.616","","",""
"GABA1","Gsta4","0.805","1.1258588915434","0.61","","",""
"GABA1","Capns1","0.195","-1.1195839167663","0.61","","",""
"GABA1","Abhd3","0.803","1.7616920567461","0.606","","",""
"GABA1","Apba2","0.801","1.2479608269798","0.602","","",""
"GABA1","Pam","0.201","-1.587221432035","0.598","","",""
"GABA1","Sri","0.798","1.0058645072632","0.596","","",""
"GABA1","D0H4S114","0.797","1.8631472703054","0.594","","",""
"GABA1","Glipr1","0.797","3.8764523483881","0.594","","",""
"GABA1","Fxyd6","0.203","-1.0475294496765","0.594","","",""
"GABA1","Fosb","0.205","-2.2497828316526","0.59","","",""
"GABA1","Rab3b","0.205","-2.7511685134892","0.59","","",""
"GABA1","Tmem127","0.795","1.4251319334167","0.59","","",""
"GABA1","Dbpht2","0.206","-3.4897340255043","0.588","","",""
"GABA1","Syt5","0.207","-1.1980123431514","0.586","","",""
"GABA1","Kcnab3","0.793","3.4637445096837","0.586","","",""
"GABA1","Slc30a3","0.793","3.2458231718747","0.586","","",""
"GABA1","Spint2","0.208","-2.6857367329289","0.584","","",""
"GABA1","BC030500","0.792","1.528853639155","0.584","","",""
"GABA1","Tspan4","0.791","1.5840737317904","0.582","","",""
"GABA1","Kctd8","0.79","1.7116229268279","0.58","","",""
"GABA1","Crip2","0.211","-3.5463685028596","0.578","","",""
"GABA1","Pmp22","0.789","3.1757099724146","0.578","","",""
"GABA1","Gpx3","0.213","-2.4251610564628","0.574","","",""
"GABA1","A830082N09Rik","0.787","1.7835149372114","0.574","","",""
"GABA1","Pdia6","0.214","-1.4062937902134","0.572","","",""
"GABA1","4930572J05Rik","0.786","1.3918597320177","0.572","","",""
"GABA1","Gt(ROSA)26Sor","0.786","1.172689554656","0.572","","",""
"GABA1","Sst","0.786","1.3723814514073","0.572","","",""
"GABA1","D3Bwg0562e","0.218","-1.5873707598199","0.564","","",""
"GABA1","Tiam2","0.782","2.4851626536836","0.564","","",""
"GABA1","Vamp1","0.78","1.2858648013114","0.56","","",""
"GABA1","Aig1","0.779","1.1497371606211","0.558","","",""
"GABA1","B930041F14Rik","0.778","1.3399503982042","0.556","","",""
"GABA1","Sept4","0.778","1.4476925492367","0.556","","",""
"GABA1","Pcp4l1","0.777","1.1005467958234","0.554","","",""
"GABA1","2010204K13Rik","0.224","-1.910013352519","0.552","","",""
"GABA1","Egr1","0.224","-2.5225419942892","0.552","","",""
"GABA1","Nktr","0.224","-1.7359486792142","0.552","","",""
"GABA1","Gfra2","0.776","1.1168062616461","0.552","","",""
"GABA1","Kcnn2","0.776","2.4713613017486","0.552","","",""
"GABA1","Vat1","0.225","-1.9134007945601","0.55","","",""
"GABA1","Bzw1","0.775","1.010537820984","0.55","","",""
"GABA1","Enho","0.775","1.6407838022033","0.55","","",""
"GABA1","Pde4a","0.774","1.605215386932","0.548","","",""
"GABA1","Capza1","0.773","1.4484531104511","0.546","","",""
"GABA1","Gucy1a3","0.773","1.5030397133376","0.546","","",""
"GABA1","Nxt2","0.773","1.4514898563914","0.546","","",""
"GABA1","Ptchd1","0.773","1.4729879699703","0.546","","",""
"GABA1","AW551984","0.228","-2.383870986743","0.544","","",""
"GABA1","Pex19","0.771","1.4560908163876","0.542","","",""
"GABA1","Pacsin2","0.77","1.3450692251594","0.54","","",""
"GABA1","Peg13","0.77","1.1555620551492","0.54","","",""
"GABA1","Dos","0.231","-1.2359789655448","0.538","","",""
"GABA1","Amn","0.769","2.4533134072742","0.538","","",""
"GABA1","Chrm2","0.769","2.0169168369624","0.538","","",""
"GABA1","Lrrtm1","0.769","1.0764836591826","0.538","","",""
"GABA1","Rerg","0.767","1.936158813255","0.534","","",""
"GABA1","Nefm","0.765","1.0378228828099","0.53","","",""
"GABA1","Stard4","0.765","2.2623534395898","0.53","","",""
"GABA1","Acly","0.764","1.01017887715","0.528","","",""
"GABA1","Bcan","0.764","1.7516566311139","0.528","","",""
"GABA1","1700020I14Rik","0.762","1.915303594152","0.524","","",""
"GABA1","Dcun1d2","0.761","1.2230857459198","0.522","","",""
"GABA1","Btg2","0.24","-5.5010861644294","0.52","","",""
"GABA1","Bex4","0.241","-1.9321048585888","0.518","","",""
"GABA1","Ngb","0.241","-5.0985635706046","0.518","","",""
"GABA1","Cyb5r4","0.759","2.1925227466549","0.518","","",""
"GABA1","Mfhas1","0.759","1.1581684962105","0.518","","",""
"GABA1","Ube2m","0.759","1.5118017502552","0.518","","",""
"GABA1","Ccnh","0.758","1.2575456932947","0.516","","",""
"GABA1","Kcnma1","0.758","1.4794567531139","0.516","","",""
"GABA1","Ubl7","0.758","1.3206198298057","0.516","","",""
"GABA1","1700086L19Rik","0.243","-1.8159288067923","0.514","","",""
"GABA1","Cabp1","0.757","1.5121926138152","0.514","","",""
"GABA1","Tmem218","0.757","1.9913630018553","0.514","","",""
"GABA1","Tmem90a","0.757","1.6593844732051","0.514","","",""
"GABA1","Zfp385b","0.757","1.8040532602227","0.514","","",""
"GABA1","Sdf2","0.245","-1.065311375832","0.51","","",""
"GABA1","Grb14","0.755","1.3478396884639","0.51","","",""
"GABA1","Pcdh9","0.755","1.0009708698312","0.51","","",""
"GABA1","Psmb10","0.755","1.0001653291678","0.51","","",""
"GABA1","Akr1b10","0.754","1.7541003834856","0.508","","",""
"GABA1","Nacc2","0.754","1.7051732494414","0.508","","",""
"GABA1","Pla2g7","0.754","1.7758826563579","0.508","","",""
"GABA1","Rbms3","0.754","1.1212545027989","0.508","","",""
"GABA1","Zfp385a","0.753","1.8305125564015","0.506","","",""
"GABA1","D430019H16Rik","0.248","-4.7530842487523","0.504","","",""
"GABA1","Ppargc1a","0.752","1.834888512781","0.504","","",""
"GABA1","Scn1b","0.752","1.2802439699023","0.504","","",""
"GABA1","BC037034","0.751","1.7369134968317","0.502","","",""
"GABA1","Gria1","0.25","-1.6340280931008","0.5","","",""
"GABA1","Cds1","0.749","1.5186380992694","0.498","","",""
"GABA1","Eif5a2","0.749","1.5389467444566","0.498","","",""
"GABA1","Arpc5","0.252","-1.1000442287264","0.496","","",""
"GABA1","D16H22S680E","0.748","1.0152756528828","0.496","","",""
"GABA1","Grsf1","0.747","1.11191151056","0.494","","",""
"GABA1","Kcnh2","0.746","1.6482647236823","0.492","","",""
"GABA1","Tspyl2","0.255","-1.274802402705","0.49","","",""
"GABA1","Junb","0.256","-2.8358852232081","0.488","","",""
"GABA1","Tram1l1","0.256","-1.9423198200956","0.488","","",""
"GABA1","Nxph1","0.744","1.5078535642179","0.488","","",""
"GABA1","Sytl2","0.743","3.3910396134689","0.486","","",""
"GABA1","Ddost","0.258","-1.258303440996","0.484","","",""
"GABA1","Aifm2","0.742","1.8276572437311","0.484","","",""
"GABA1","Slc24a2","0.742","1.5934640289574","0.484","","",""
"GABA1","Celsr2","0.741","1.1384401316874","0.482","","",""
"GABA1","A330050F15Rik","0.74","2.8404585848078","0.48","","",""
"GABA1","Cgn","0.74","1.2734458853488","0.48","","",""
"GABA1","Fam63b","0.74","1.0577614720741","0.48","","",""
"GABA1","Tmem129","0.74","1.5845400139424","0.48","","",""
"GABA1","1300018J18Rik","0.739","1.8403603142563","0.478","","",""
"GABA1","Adra1b","0.739","1.0920347264743","0.478","","",""
"GABA1","Asap1","0.739","1.1610125022118","0.478","","",""
"GABA1","Cd63","0.262","-2.917074084596","0.476","","",""
"GABA1","Rasgef1a","0.262","-3.2514046490699","0.476","","",""
"GABA1","Cirh1a","0.738","1.057245013318","0.476","","",""
"GABA1","Pgs1","0.736","1.1007435631738","0.472","","",""
"GABA1","Ube2ql1","0.736","1.5364394367583","0.472","","",""
"GABA1","Cetn2","0.266","-1.1418906819427","0.468","","",""
"GABA1","Eif1ax","0.734","1.0490336716931","0.468","","",""
"GABA1","Fam101b","0.734","1.2760812548855","0.468","","",""
"GABA1","Gfm2","0.734","1.4460747648711","0.468","","",""
"GABA1","N4bp3","0.734","2.5459044627261","0.468","","",""
"GABA1","Paqr4","0.734","1.5629651729574","0.468","","",""
"GABA1","Tceal6","0.267","-1.1059931138798","0.466","","",""
"GABA1","Ap3s2","0.732","1.0118769361848","0.464","","",""
"GABA1","Pnpo","0.732","1.0155591027275","0.464","","",""
"GABA1","Cav2","0.731","2.5205915173173","0.462","","",""
"GABA1","Kcnj12","0.731","2.4996024807414","0.462","","",""
"GABA1","Wdr45","0.731","1.1191127927919","0.462","","",""
"GABA1","Cntfr","0.73","1.6149917233883","0.46","","",""
"GABA1","A930011O12Rik","0.727","1.2538824709343","0.454","","",""
"GABA1","Elf2","0.727","1.3187998822222","0.454","","",""
"GABA1","Zmat4","0.727","1.2630589131629","0.454","","",""
"GABA1","Pfkfb3","0.726","2.0645314400877","0.452","","",""
"GABA1","Pip5kl1","0.726","1.999317878333","0.452","","",""
"GABA1","Sec61b","0.275","-1.0146929351187","0.45","","",""
"GABA1","Npy","0.725","-1.1905618106305","0.45","","",""
"GABA1","Rbms1","0.725","1.0936806634256","0.45","","",""
"GABA1","Fam76a","0.276","-2.5139552404687","0.448","","",""
"GABA1","Atrnl1","0.724","1.8041514355804","0.448","","",""
"GABA1","Cdk18","0.724","1.151030229987","0.448","","",""
"GABA1","Sirt3","0.724","1.0157113641832","0.448","","",""
"GABA1","Reps2","0.723","1.2565728649395","0.446","","",""
"GABA1","Arx","0.722","1.099925870545","0.444","","",""
"GABA1","Lancl3","0.721","2.3879234055282","0.442","","",""
"GABA1","Phlda3","0.721","1.3686128558918","0.442","","",""
"GABA1","Atp8a1","0.28","-2.3134033658525","0.44","","",""
"GABA1","Igbp1","0.72","1.2453008073097","0.44","","",""
"GABA1","Nat8l","0.72","1.1630538185723","0.44","","",""
"GABA1","Ralb","0.72","1.1354911134667","0.44","","",""
"GABA1","Rgs9","0.281","-4.698085098885","0.438","","",""
"GABA1","6330406I15Rik","0.719","1.8319281772305","0.438","","",""
"GABA1","Ptp4a3","0.719","1.1916644831389","0.438","","",""
"GABA1","6820408C15Rik","0.718","1.5048774663835","0.436","","",""
"GABA1","Peg10","0.283","-2.2885294906624","0.434","","",""
"GABA1","Rpl3","0.283","-1.2234039202413","0.434","","",""
"GABA1","Kcnc2","0.717","1.2842425127278","0.434","","",""
"GABA1","Pbx3","0.717","1.9211776790833","0.434","","",""
"GABA1","Sepx1","0.717","1.5581571365838","0.434","","",""
"GABA1","Rpp25","0.716","1.1818666596022","0.432","","",""
"GABA1","Scn9a","0.286","-2.8988976486468","0.428","","",""
"GABA1","Tmem176b","0.286","-2.6253708376907","0.428","","",""
"GABA1","Arf6","0.714","1.0684988518266","0.428","","",""
"GABA1","Tbc1d9","0.714","1.0784793275817","0.428","","",""
"GABA1","Tm6sf1","0.714","1.4803574871287","0.428","","",""
"GABA1","Gstm7","0.287","-4.6614657574872","0.426","","",""
"GABA1","Odz1","0.713","1.1050552039397","0.426","","",""
"GABA1","Scrt1","0.713","1.578899678288","0.426","","",""
"GABA1","Tmem108","0.713","1.1948327710502","0.426","","",""
"GABA1","Arl4a","0.288","-1.6898572983362","0.424","","",""
"GABA1","Fam71e1","0.712","1.082970795544","0.424","","",""
"GABA1","Rrp36","0.712","1.1469088561469","0.424","","",""
"GABA1","Gng10","0.289","-1.7071288229546","0.422","","",""
"GABA1","Rgs2","0.289","-2.1001505567973","0.422","","",""
"GABA1","Btbd9","0.711","1.0656460042519","0.422","","",""
"GABA1","H2-Ke6","0.29","-1.9679308037759","0.42","","",""
"GABA1","Rsph9","0.29","-1.6560092052285","0.42","","",""
"GABA1","Cbx4","0.71","1.0827204927784","0.42","","",""
"GABA1","Irf3","0.71","1.6004572165024","0.42","","",""
"GABA1","Kcna1","0.71","1.762682917153","0.42","","",""
"GABA1","Eif2ak4","0.709","1.0589323679275","0.418","","",""
"GABA1","Pik3ca","0.709","1.0220694366826","0.418","","",""
"GABA1","Terf1","0.709","1.0501291517649","0.418","","",""
"GABA1","Cdkl2","0.292","-2.1540865806777","0.416","","",""
"GABA1","Efr3a","0.708","1.1249645741543","0.416","","",""
"GABA1","Gfra1","0.708","1.7345899231203","0.416","","",""
"GABA1","Scai","0.708","1.0208543179501","0.416","","",""
"GABA1","Slc35b1","0.293","-1.3810316773012","0.414","","",""
"GABA1","Ankrd29","0.707","1.2137343918659","0.414","","",""
"GABA1","Rps27a","0.294","-1.4666863192242","0.412","","",""
"GABA1","Anp32b","0.296","-1.181318053651","0.408","","",""
"GABA1","Pcsk2","0.296","-2.2485159531579","0.408","","",""
"GABA1","Rpl6","0.296","-1.3216560821012","0.408","","",""
"GABA1","1810041L15Rik","0.704","1.6157192399218","0.408","","",""
"GABA1","Esrra","0.704","1.4698981293344","0.408","","",""
"GABA1","Ank3","0.297","-1.1413062470194","0.406","","",""
"GABA1","Hpcal4","0.297","-3.0068862800438","0.406","","",""
"GABA1","Maged2","0.297","-1.2222423189129","0.406","","",""
"GABA1","Cdk14","0.703","1.1003404886916","0.406","","",""
"GABA1","Rpn2","0.298","-1.1211283680138","0.404","","",""
"GABA1","Rps7","0.299","-1.0828221374708","0.402","","",""
"GABA1","Ckap4","0.701","1.2954218210051","0.402","","",""
"GABA1","Crebzf","0.701","1.0219786766276","0.402","","",""
"GABA1","Igsf3","0.701","1.5389451315711","0.402","","",""
"GABA1","Rnft1","0.701","1.1547855476509","0.402","","",""
"GABA1","Pnma3","0.3","-2.214215712512","0.4","","",""
"GABA2","St18","0.948","2.7182385177305","0.896","","",""
"GABA2","Tcf4","0.924","2.0419689356976","0.848","","",""
"GABA2","Npas1","0.917","4.4092429901444","0.834","","",""
"GABA2","Rprm","0.915","2.1265261358867","0.83","","",""
"GABA2","Nkx2-1","0.907","2.2237478601756","0.814","","",""
"GABA2","Gldn","0.903","3.1790545909979","0.806","","",""
"GABA2","Ralyl","0.9","1.3389004185303","0.8","","",""
"GABA2","Calb1","0.876","1.6172300902124","0.752","","",""
"GABA2","Lmo4","0.876","1.9766423799228","0.752","","",""
"GABA2","Ppp1r17","0.856","1.8288096294751","0.712","","",""
"GABA2","Kcnip4","0.845","1.5109013809114","0.69","","",""
"GABA2","Nfib","0.844","2.8107167946021","0.688","","",""
"GABA2","Dlx1","0.837","1.3526792720863","0.674","","",""
"GABA2","Dlk1","0.165","-3.4446191360889","0.67","","",""
"GABA2","Gal","0.821","1.0685901121551","0.642","","",""
"GABA2","Pnoc","0.82","1.2705064653035","0.64","","",""
"GABA2","Etv1","0.802","3.1710986104504","0.604","","",""
"GABA2","Elavl4","0.21","-1.4247539849686","0.58","","",""
"GABA2","Dtymk","0.788","1.2421366271968","0.576","","",""
"GABA2","Lhx6","0.788","2.3529445093784","0.576","","",""
"GABA2","Lmo1","0.787","1.9073092141606","0.574","","",""
"GABA2","Gpr101","0.779","1.457492774811","0.558","","",""
"GABA2","Camk2n1","0.223","-2.218331135112","0.554","","",""
"GABA2","Nfix","0.768","2.5618644511709","0.536","","",""
"GABA2","Abcb8","0.764","1.0839943064485","0.528","","",""
"GABA2","Id2","0.756","1.8788771230012","0.512","","",""
"GABA2","Nrp1","0.756","1.3658198164708","0.512","","",""
"GABA2","Psd3","0.754","1.1521252678049","0.508","","",""
"GABA2","Sec14l3","0.752","2.0576632285968","0.504","","",""
"GABA2","Dlx2","0.75","1.1833010845368","0.5","","",""
"GABA2","Lmo3","0.746","1.4529101056293","0.492","","",""
"GABA2","Ptprg","0.745","1.5354203021709","0.49","","",""
"GABA2","Cntn1","0.256","-2.119699258081","0.488","","",""
"GABA2","B3gnt2","0.742","1.2355664366963","0.484","","",""
"GABA2","Mtfp1","0.739","1.3041073049552","0.478","","",""
"GABA2","Higd1a","0.262","-1.6433693401615","0.476","","",""
"GABA2","Smoc1","0.736","1.625018010344","0.472","","",""
"GABA2","Ece1","0.267","-2.7034790569209","0.466","","",""
"GABA2","Ier2","0.727","1.7737859288059","0.454","","",""
"GABA2","Tox","0.727","1.4316205029629","0.454","","",""
"GABA2","Atp2c1","0.725","1.4360895079983","0.45","","",""
"GABA2","Slc25a5","0.28","-1.0059095492891","0.44","","",""
"GABA2","Plekha7","0.718","1.7748983884544","0.436","","",""
"GABA2","Chga","0.286","-1.0236244139804","0.428","","",""
"GABA2","Rgs2","0.288","-1.7844776799759","0.424","","",""
"GABA2","Tle1","0.712","1.4286762072007","0.424","","",""
"GABA2","Tekt2","0.71","1.5067618715549","0.42","","",""
"GABA2","Fhad1","0.709","1.016676076326","0.418","","",""
"GABA2","Kdm5a","0.708","1.0810380513123","0.416","","",""
"GABA2","Nell1","0.704","1.0113841689049","0.408","","",""
"GABA2","Mrpl34","0.298","-1.4306721792617","0.404","","",""
"GABA3","Meis2","0.977","3.7272164531806","0.954","","",""
"GABA3","Nap1l5","0.037","-1.4230046428923","0.926","","",""
"GABA3","Arpp21","0.951","4.0921795328017","0.902","","",""
"GABA3","Resp18","0.058","-1.8479705946531","0.884","","",""
"GABA3","Ncdn","0.918","2.0414642873057","0.836","","",""
"GABA3","Ndn","0.086","-1.0051802688991","0.828","","",""
"GABA3","Baiap2","0.898","2.3964422440019","0.796","","",""
"GABA3","Gnas","0.104","-1.1866790871397","0.792","","",""
"GABA3","Prkcb","0.887","1.91736584927","0.774","","",""
"GABA3","Tmem130","0.114","-1.075615388209","0.772","","",""
"GABA3","Snca","0.886","1.8210786489796","0.772","","",""
"GABA3","A730017C20Rik","0.123","-1.48746488255","0.754","","",""
"GABA3","Gprasp2","0.123","-1.201657493763","0.754","","",""
"GABA3","Gnal","0.877","1.9628027779993","0.754","","",""
"GABA3","Pcbd1","0.135","-5.5746745851641","0.73","","",""
"GABA3","Ramp1","0.864","3.2436642160353","0.728","","",""
"GABA3","Bcl11b","0.862","2.6460027286738","0.724","","",""
"GABA3","Scg3","0.148","-1.5289857293234","0.704","","",""
"GABA3","Camkv","0.852","1.454424392298","0.704","","",""
"GABA3","Rprml","0.849","2.5143797491373","0.698","","",""
"GABA3","Fkbp1a","0.845","1.0213274236604","0.69","","",""
"GABA3","Ppp1r1b","0.843","5.7768288485685","0.686","","",""
"GABA3","Cplx2","0.842","1.379662637971","0.684","","",""
"GABA3","Crym","0.842","4.9066326782296","0.684","","",""
"GABA3","Ctsl","0.161","-1.495174971194","0.678","","",""
"GABA3","Ngef","0.83","2.0402206779715","0.66","","",""
"GABA3","Akap5","0.827","2.3520116122325","0.654","","",""
"GABA3","Gpx3","0.176","-3.0313410707627","0.648","","",""
"GABA3","Atp2b1","0.824","1.113582239814","0.648","","",""
"GABA3","Ctxn1","0.819","1.2378690786631","0.638","","",""
"GABA3","Dclk3","0.819","2.4329603386175","0.638","","",""
"GABA3","Matk","0.813","1.0706552415517","0.626","","",""
"GABA3","Ppp3ca","0.813","1.5395528215317","0.626","","",""
"GABA3","Dbndd2","0.811","1.5512052143824","0.622","","",""
"GABA3","Hpca","0.809","2.0161795141602","0.618","","",""
"GABA3","Chn1","0.808","1.1875847036267","0.616","","",""
"GABA3","Pde1a","0.808","1.6120365725766","0.616","","",""
"GABA3","Gpr88","0.805","3.2640080725907","0.61","","",""
"GABA3","Rab3b","0.195","-2.4057007876895","0.61","","",""
"GABA3","Rbfox1","0.803","1.5911141207345","0.606","","",""
"GABA3","Prr13","0.197","-2.062725642984","0.606","","",""
"GABA3","Map2k1","0.799","1.0142547016081","0.598","","",""
"GABA3","Phactr1","0.798","1.2496704745775","0.596","","",""
"GABA3","Cdk17","0.793","1.8910576348696","0.586","","",""
"GABA3","Cpne5","0.792","1.4607078685499","0.584","","",""
"GABA3","Elavl4","0.209","-1.2054528364931","0.582","","",""
"GABA3","Alg2","0.211","-1.181889190732","0.578","","",""
"GABA3","Sez6","0.788","1.957048233692","0.576","","",""
"GABA3","Stmn1","0.214","-1.7554840509602","0.572","","",""
"GABA3","Ptk2b","0.786","3.3184021110032","0.572","","",""
"GABA3","Rpl6","0.216","-1.6546965478558","0.568","","",""
"GABA3","Car11","0.782","1.8818671086305","0.564","","",""
"GABA3","Rbfox3","0.78","1.1629553192891","0.56","","",""
"GABA3","Cpne6","0.779","1.1950337103864","0.558","","",""
"GABA3","Vat1","0.223","-1.5786515711786","0.554","","",""
"GABA3","Col6a1","0.776","2.7392633248802","0.552","","",""
"GABA3","Rit2","0.226","-1.044216443022","0.548","","",""
"GABA3","C030046I01Rik","0.774","1.8559668164764","0.548","","",""
"GABA3","Icam5","0.774","2.2046197624862","0.548","","",""
"GABA3","Rps25","0.228","-1.1793635308696","0.544","","",""
"GABA3","Gng7","0.772","2.2890136896846","0.544","","",""
"GABA3","Fos","0.23","-1.0203150234284","0.54","","",""
"GABA3","Rps8","0.233","-1.7757440296387","0.534","","",""
"GABA3","6330527O06Rik","0.767","2.5508349298686","0.534","","",""
"GABA3","Lmo4","0.767","1.7627190767695","0.534","","",""
"GABA3","Fam70a","0.235","-2.9869437587647","0.53","","",""
"GABA3","Tpt1","0.239","-1.8204303461821","0.522","","",""
"GABA3","Chrm1","0.761","2.9648790091754","0.522","","",""
"GABA3","Pcp4l1","0.76","2.988883471491","0.52","","",""
"GABA3","Wfs1","0.76","1.7790660308083","0.52","","",""
"GABA3","Kcnab1","0.756","2.0251894848518","0.512","","",""
"GABA3","As3mt","0.245","-2.5933873245432","0.51","","",""
"GABA3","Cd63","0.246","-2.2193838074962","0.508","","",""
"GABA3","Pkig","0.751","1.1144893905029","0.502","","",""
"GABA3","Rarb","0.75","2.3841063761153","0.5","","",""
"GABA3","Hmgb1","0.251","-1.7494751416192","0.498","","",""
"GABA3","Morf4l1","0.251","-1.1296971127651","0.498","","",""
"GABA3","Rps27a","0.252","-2.4444068451029","0.496","","",""
"GABA3","Uba52","0.252","-1.6669795026769","0.496","","",""
"GABA3","Gda","0.748","1.308330613594","0.496","","",""
"GABA3","Jph4","0.748","1.0912948446552","0.496","","",""
"GABA3","Nrgn","0.745","1.7610617794636","0.49","","",""
"GABA3","Lypd1","0.744","2.028466971886","0.488","","",""
"GABA3","Cib2","0.257","-2.3454148184483","0.486","","",""
"GABA3","Dner","0.257","-1.0864258632569","0.486","","",""
"GABA3","Lmna","0.257","-2.3490539390632","0.486","","",""
"GABA3","Rpl24","0.257","-5.6064220640087","0.486","","",""
"GABA3","Tmem176b","0.257","-3.3629662551115","0.486","","",""
"GABA3","Tppp3","0.257","-1.1144161955107","0.486","","",""
"GABA3","Hpcal4","0.743","1.1514308079183","0.486","","",""
"GABA3","Arf3","0.74","1.1838721006155","0.48","","",""
"GABA3","Caln1","0.74","2.2991507314581","0.48","","",""
"GABA3","Grm5","0.739","1.4316396615371","0.478","","",""
"GABA3","Tmie","0.262","-2.4554463790025","0.476","","",""
"GABA3","Chn2","0.735","2.0163493868098","0.47","","",""
"GABA3","Rps29","0.266","-2.3944674201881","0.468","","",""
"GABA3","Ablim2","0.733","1.4110580480298","0.466","","",""
"GABA3","Cx3cl1","0.733","1.1079685279343","0.466","","",""
"GABA3","Mmd","0.733","1.2779786244233","0.466","","",""
"GABA3","Phyhip","0.732","1.4079277594817","0.464","","",""
"GABA3","Rpl36a","0.269","-2.2911024714483","0.462","","",""
"GABA3","Mctp1","0.731","2.8119486578046","0.462","","",""
"GABA3","Rpl18a","0.27","-1.1686842681228","0.46","","",""
"GABA3","Rpl7a","0.27","-2.1808198426054","0.46","","",""
"GABA3","B630019K06Rik","0.271","-1.3998504168883","0.458","","",""
"GABA3","Tmem22","0.271","-1.5460074701322","0.458","","",""
"GABA3","Rps4x","0.272","-1.3795868876786","0.456","","",""
"GABA3","Dlk1","0.273","-1.2536510603883","0.454","","",""
"GABA3","Rpl13","0.273","-1.0511473759373","0.454","","",""
"GABA3","Ttyh1","0.727","1.3699638604725","0.454","","",""
"GABA3","Rpl23a","0.274","-2.9592471264035","0.452","","",""
"GABA3","Sowaha","0.725","1.7113659809108","0.45","","",""
"GABA3","Tmem158","0.725","1.0287449934578","0.45","","",""
"GABA3","Rps13","0.278","-1.9880722524684","0.444","","",""
"GABA3","AI593442","0.722","1.4191700362531","0.444","","",""
"GABA3","Fam183b","0.279","-1.8829210392863","0.442","","",""
"GABA3","Rpl11","0.28","-1.9480103040737","0.44","","",""
"GABA3","Mlec","0.281","-1.4830979092458","0.438","","",""
"GABA3","Ubxn2a","0.281","-2.1246097597206","0.438","","",""
"GABA3","Sccpdh","0.282","-1.2800528238356","0.436","","",""
"GABA3","Rpl9","0.284","-2.1458105302118","0.432","","",""
"GABA3","Asb4","0.286","-5.1151390812173","0.428","","",""
"GABA3","Fau","0.287","-1.3859359302193","0.426","","",""
"GABA3","Rps16","0.288","-1.7361002189028","0.424","","",""
"GABA3","Actn1","0.712","1.4548772587292","0.424","","",""
"GABA3","Aldoc","0.289","-1.3804555630468","0.422","","",""
"GABA3","Arhgdig","0.289","-1.2942209265207","0.422","","",""
"GABA3","Erlec1","0.289","-1.0899045924957","0.422","","",""
"GABA3","Rps12","0.289","-1.8252448972067","0.422","","",""
"GABA3","Rpl17","0.29","-2.3536055106742","0.42","","",""
"GABA3","Rpl18","0.29","-1.1135882227014","0.42","","",""
"GABA3","Rpl21","0.29","-1.9773836786413","0.42","","",""
"GABA3","Scn9a","0.29","-2.0253117491255","0.42","","",""
"GABA3","Slc38a1","0.29","-1.2208242766808","0.42","","",""
"GABA3","Cxxc5","0.291","-4.747191104272","0.418","","",""
"GABA3","Rpl27","0.291","-2.4234952351968","0.418","","",""
"GABA3","Rpsa","0.291","-1.8901882330766","0.418","","",""
"GABA3","Slc35f1","0.709","1.3262045580834","0.418","","",""
"GABA3","Fhad1","0.292","-4.7486845726105","0.416","","",""
"GABA3","Gpm6b","0.708","1.0345543200765","0.416","","",""
"GABA3","Spint2","0.294","-1.1976993961689","0.412","","",""
"GABA3","Tmx1","0.295","-1.1953333535716","0.41","","",""
"GABA3","Atp2b4","0.705","1.3167340988662","0.41","","",""
"GABA3","Drd1a","0.705","2.8545266323526","0.41","","",""
"GABA3","Itpka","0.705","3.3508885009859","0.41","","",""
"GABA3","AW551984","0.296","-1.1958672093476","0.408","","",""
"GABA3","Npc2","0.296","-1.3434222281956","0.408","","",""
"GABA3","Rps6","0.297","-1.8197063060972","0.406","","",""
"GABA3","Plcb1","0.703","1.1548989376551","0.406","","",""
"GABA3","Foxp1","0.702","1.8112599588132","0.404","","",""
"GABA3","Penk","0.702","2.5841393961316","0.404","","",""
"GABA3","Rgs14","0.702","3.1125143776428","0.404","","",""
"GABA3","Dnajb1","0.299","-1.5052114742642","0.402","","",""
"GABA3","Lbh","0.299","-2.6420934894431","0.402","","",""
"GABA3","Rpl19","0.299","-1.3217345427692","0.402","","",""
"GABA3","Rpl36","0.299","-1.4951825180547","0.402","","",""
"GABA3","Rps23","0.299","-1.9177570883084","0.402","","",""
"GABA3","Nhp2","0.701","1.5560395585845","0.402","","",""
"GABA3","Slc16a2","0.701","1.8907770216027","0.402","","",""
"GABA3","Rpl10","0.3","-2.4056645542252","0.4","","",""
"GABA4","Nat8l","0.791","1.7119863358482","0.582","","",""
"GABA4","Edc4","0.789","1.3077541072747","0.578","","",""
"GABA4","Nefl","0.785","1.0329577871409","0.57","","",""
"GABA4","Gabra1","0.779","1.3638695862132","0.558","","",""
"GABA4","Fgf12","0.77","1.0809645004226","0.54","","",""
"GABA4","Pde6g","0.769","4.0741193251908","0.538","","",""
"GABA4","Aldoc","0.756","1.1893178186421","0.512","","",""
"GABA4","Plcb1","0.755","1.31032719292","0.51","","",""
"GABA4","Bcas3","0.753","1.2322141475668","0.506","","",""
"GABA4","Fosb","0.259","-1.401526029722","0.482","","",""
"GABA4","Rpl15","0.269","-1.6918587683613","0.462","","",""
"GABA4","Slc35c2","0.727","1.0912751456916","0.454","","",""
"GABA4","Sag","0.726","3.4071430545883","0.452","","",""
"GABA4","Galntl4","0.724","1.1789090967223","0.448","","",""
"GABA4","Rpl27a","0.278","-1.1754691509729","0.444","","",""
"GABA4","Fbxl4","0.715","1.1196628036942","0.43","","",""
"GABA4","Agpat6","0.713","1.0208553180191","0.426","","",""
"GABA4","Ankrd34b","0.709","1.1874481194768","0.418","","",""
"GABA4","Gm13498","0.708","2.1577937096358","0.416","","",""
"GABA4","Gadd45g","0.297","-1.1563778092509","0.406","","",""
"GABA4","Dbndd2","0.703","1.0943120540194","0.406","","",""
"GABA4","Arx","0.702","1.5501197417202","0.404","","",""
"GABA5","Lhx6","0.853","3.3429404835073","0.706","","",""
"GABA5","Vsnl1","0.839","1.153289096363","0.678","","",""
"GABA5","Sncb","0.836","1.2324868248244","0.672","","",""
"GABA5","Lhx8","0.832","5.0998611532068","0.664","","",""
"GABA5","Dlk1","0.235","-1.613333859116","0.53","","",""
"GABA5","Rpl13","0.24","-1.1198438763534","0.52","","",""
"GABA5","Rpl18a","0.243","-1.3642040949878","0.514","","",""
"GABA5","Rpl3","0.244","-1.4488372888276","0.512","","",""
"GABA5","Laptm4b","0.752","1.2828094212492","0.504","","",""
"GABA5","Rpl31","0.249","-1.6681500247827","0.502","","",""
"GABA5","Cplx1","0.75","1.8629454471967","0.5","","",""
"GABA5","Rps13","0.254","-3.0893136809203","0.492","","",""
"GABA5","Rps4x","0.256","-1.551359027088","0.488","","",""
"GABA5","Rps18","0.258","-1.0282175866321","0.484","","",""
"GABA5","Fosb","0.259","-1.0926213477881","0.482","","",""
"GABA5","Rpl11","0.26","-2.4356146158243","0.48","","",""
"GABA5","Ybx1","0.269","-1.0936765954745","0.462","","",""
"GABA5","Tmeff2","0.731","1.2176671827844","0.462","","",""
"GABA5","Rps8","0.27","-1.5246976639212","0.46","","",""
"GABA5","Rps27a","0.278","-1.9502393958195","0.444","","",""
"GABA5","Rps7","0.278","-1.2043804094485","0.444","","",""
"GABA5","Ppia","0.281","-1.3299830157107","0.438","","",""
"GABA5","Rps16","0.282","-1.8350367762741","0.436","","",""
"GABA5","Rpl7a","0.284","-2.1491077896853","0.432","","",""
"GABA5","Rps6","0.285","-2.1340068421087","0.43","","",""
"GABA5","Rpl36","0.287","-1.3839885541303","0.426","","",""
"GABA5","Rpl6","0.287","-1.149787930412","0.426","","",""
"GABA5","Rpl24","0.288","-3.2289953738921","0.424","","",""
"GABA5","Rpl23a","0.289","-2.1527364401684","0.422","","",""
"GABA5","Rps23","0.289","-2.2787384208326","0.422","","",""
"GABA5","1700086L19Rik","0.29","-1.1615647929108","0.42","","",""
"GABA5","Rasgrp2","0.708","1.214926256834","0.416","","",""
"GABA5","Stxbp6","0.708","3.0967326663066","0.416","","",""
"GABA5","Rpl17","0.295","-2.2462513418104","0.41","","",""
"GABA5","Slc6a1","0.705","1.1370190413543","0.41","","",""
"GABA5","Rpl36a","0.3","-1.7493092740832","0.4","","",""
"GABA5","Rps12","0.3","-2.4508261275072","0.4","","",""
"GABA6","Pax6","0.964","5.3839364962079","0.928","","",""
"GABA6","Sncb","0.862","1.0913929291737","0.724","","",""
"GABA6","Scg2","0.223","-1.153853354511","0.554","","",""
"GABA6","Pcp4","0.234","-1.8711172563858","0.532","","",""
"GABA6","Odz2","0.754","1.5122290704523","0.508","","",""
"GABA6","Myh7","0.747","2.0763450416744","0.494","","",""
"GABA6","Atp2b4","0.746","1.7540372396147","0.492","","",""
"GABA6","Zic1","0.746","1.4889632977213","0.492","","",""
"GABA6","Prdx6","0.264","-2.0401551470485","0.472","","",""
"GABA6","Tppp3","0.264","-1.1456545836336","0.472","","",""
"GABA6","Pcbd1","0.278","-1.1229554633473","0.444","","",""
"GABA6","Calb2","0.72","2.1268935702505","0.44","","",""
"GABA6","1700086L19Rik","0.281","-1.2703736906974","0.438","","",""
"GABA6","Cnpy2","0.284","-1.0961652872872","0.432","","",""
"GABA6","Pcsk2","0.284","-1.689179077618","0.432","","",""
"GABA6","Cd63","0.287","-1.6864561180499","0.426","","",""
"GABA6","Mtfp1","0.708","1.1279235930217","0.416","","",""
"GABA6","Sez6","0.706","1.6062566176055","0.412","","",""
"GABA6","Pcdh8","0.701","1.9355454957589","0.402","","",""
"GABA7","Crtac1","0.887","1.3283563999732","0.774","","",""
"GABA7","Ddc","0.886","1.7300652976484","0.772","","",""
"GABA7","Rnd3","0.86","1.1693482336031","0.72","","",""
"GABA7","Tmbim4","0.825","1.174124428866","0.65","","",""
"GABA7","1700086L19Rik","0.804","1.0030065726302","0.608","","",""
"GABA7","Th","0.789","1.5207002964105","0.578","","",""
"GABA7","Higd1a","0.212","-4.98984215429","0.576","","",""
"GABA7","Unc13c","0.788","2.8769830458568","0.576","","",""
"GABA7","Trh","0.785","2.4210414540125","0.57","","",""
"GABA7","Rasgrf1","0.224","-1.5291281434734","0.552","","",""
"GABA7","Sox14","0.769","5.0007038825918","0.538","","",""
"GABA7","Cdk14","0.767","1.136560930343","0.534","","",""
"GABA7","Rgs2","0.234","-2.5821859957812","0.532","","",""
"GABA7","Mrpl34","0.242","-2.4705761549897","0.516","","",""
"GABA7","Dnajc25","0.755","2.15041550442","0.51","","",""
"GABA7","P4ha1","0.751","1.1721768277126","0.502","","",""
"GABA7","BC031781","0.748","1.2030006094541","0.496","","",""
"GABA7","Dgkb","0.746","1.2284562055624","0.492","","",""
"GABA7","Alcam","0.255","-2.7485105791433","0.49","","",""
"GABA7","Arid5b","0.745","1.0115577290817","0.49","","",""
"GABA7","Hpcal1","0.257","-2.5406803831102","0.486","","",""
"GABA7","Myo5a","0.257","-1.4807895634037","0.486","","",""
"GABA7","Sult4a1","0.258","-1.31844199428","0.484","","",""
"GABA7","Cops4","0.26","-1.4554558426822","0.48","","",""
"GABA7","Cpne5","0.739","1.2037943752905","0.478","","",""
"GABA7","Scn3b","0.739","1.1552402466507","0.478","","",""
"GABA7","Spock3","0.264","-2.0756872682567","0.472","","",""
"GABA7","Foxp2","0.736","2.1684496158494","0.472","","",""
"GABA7","Riiad1","0.734","1.3922178696444","0.468","","",""
"GABA7","Nkiras1","0.268","-1.4293849006911","0.464","","",""
"GABA7","Kcnip1","0.731","1.2880977243458","0.462","","",""
"GABA7","Aifm3","0.73","1.5249699770595","0.46","","",""
"GABA7","Ptprd","0.729","1.1663562507164","0.458","","",""
"GABA7","Setx","0.724","1.3325512414485","0.448","","",""
"GABA7","Unc50","0.281","-1.8222542138055","0.438","","",""
"GABA7","Gstm1","0.719","1.082013108011","0.438","","",""
"GABA7","Mlf1","0.718","2.0424377833368","0.436","","",""
"GABA7","8430410K20Rik","0.285","-1.8951816586138","0.43","","",""
"GABA7","Tpst2","0.712","1.104137667091","0.424","","",""
"GABA7","Tfg","0.294","-2.0181449631068","0.412","","",""
"GABA7","Gnai3","0.706","1.3654295680958","0.412","","",""
"GABA7","Hs6st2","0.295","-2.4031230801175","0.41","","",""
"GABA7","Rxrg","0.705","1.6472523275738","0.41","","",""
"GABA7","Ppp2r2a","0.297","-1.0850764373255","0.406","","",""
"GABA7","Sgtb","0.297","-1.124862113383","0.406","","",""
"GABA7","Cops8","0.298","-1.0001881298984","0.404","","",""
"GABA7","Bckdhb","0.702","1.5318558333565","0.404","","",""
"GABA7","Trpc4ap","0.702","1.0292068625963","0.404","","",""
"GABA7","Yipf5","0.299","-1.6664330493642","0.402","","",""
"GABA8","Dner","0.924","1.2450274080003","0.848","","",""
"GABA8","Nnat","0.914","2.3357193837773","0.828","","",""
"GABA8","Clu","0.119","-1.79729399682","0.762","","",""
"GABA8","Dlk1","0.865","1.3885481946178","0.73","","",""
"GABA8","Pcp4","0.142","-2.0850329743433","0.716","","",""
"GABA8","Rgs16","0.853","2.4102277460797","0.706","","",""
"GABA8","Pea15a","0.845","1.1929758089121","0.69","","",""
"GABA8","Vipr2","0.839","4.3272845696856","0.678","","",""
"GABA8","Syt10","0.838","1.6535948182816","0.676","","",""
"GABA8","Ndrg1","0.836","2.1388093706676","0.672","","",""
"GABA8","Rora","0.828","2.6432184331275","0.656","","",""
"GABA8","Nrip3","0.821","1.5227815435992","0.642","","",""
"GABA8","Avp","0.816","6.2697212875086","0.632","","",""
"GABA8","Rorb","0.81","1.7094827784874","0.62","","",""
"GABA8","Pcsk2","0.809","1.1872636806082","0.618","","",""
"GABA8","Ly6e","0.192","-1.5418281172014","0.616","","",""
"GABA8","Zic1","0.806","2.3351681828627","0.612","","",""
"GABA8","Hpcal1","0.195","-2.5275803258532","0.61","","",""
"GABA8","Igfbp5","0.803","2.3731433038068","0.606","","",""
"GABA8","Tmem91","0.205","-1.6486819489051","0.59","","",""
"GABA8","Rgs2","0.208","-2.1472239345342","0.584","","",""
"GABA8","Dbi","0.792","1.7197977190668","0.584","","",""
"GABA8","Vgf","0.791","1.3085920510022","0.582","","",""
"GABA8","Tubb3","0.214","-1.1056872115445","0.572","","",""
"GABA8","Nms","0.785","4.2489633892079","0.57","","",""
"GABA8","Rgs4","0.224","-1.8089013870161","0.552","","",""
"GABA8","Ncald","0.226","-1.4743571031568","0.548","","",""
"GABA8","Spock3","0.226","-1.9750412980523","0.548","","",""
"GABA8","Cdh13","0.773","1.3586508512268","0.546","","",""
"GABA8","Ecel1","0.233","-3.0302125979376","0.534","","",""
"GABA8","Pkib","0.767","1.6995678692391","0.534","","",""
"GABA8","Msi2","0.764","1.2560424323845","0.528","","",""
"GABA8","Vsnl1","0.238","-1.367796188409","0.524","","",""
"GABA8","Trp53i11","0.761","1.268299453875","0.522","","",""
"GABA8","C1ql3","0.759","2.9866491048384","0.518","","",""
"GABA8","Cpne6","0.243","-2.7387720271337","0.514","","",""
"GABA8","Rbfox3","0.259","-1.5200957733176","0.482","","",""
"GABA8","Thy1","0.259","-1.4685919527313","0.482","","",""
"GABA8","Dgkb","0.26","-2.0187358626769","0.48","","",""
"GABA8","Matk","0.265","-1.2955176612444","0.47","","",""
"GABA8","Chga","0.733","1.0130502762361","0.466","","",""
"GABA8","Ctxn1","0.269","-1.0682001294885","0.462","","",""
"GABA8","Reep1","0.27","-1.7980682942848","0.46","","",""
"GABA8","Ngb","0.271","-1.7119101531664","0.458","","",""
"GABA8","B3gat2","0.725","1.4923773889171","0.45","","",""
"GABA8","Dync1i1","0.278","-1.0350107660832","0.444","","",""
"GABA8","Ass1","0.279","-1.9203058165021","0.442","","",""
"GABA8","Pcdh17","0.279","-1.0487539207717","0.442","","",""
"GABA8","Gpx3","0.281","-1.0917771838959","0.438","","",""
"GABA8","Nefl","0.281","-2.2112849311656","0.438","","",""
"GABA8","Asb4","0.283","-2.7046970122387","0.434","","",""
"GABA8","Hlf","0.716","1.2039110485019","0.432","","",""
"GABA8","Gabra2","0.286","-1.4604673702578","0.428","","",""
"GABA8","Hpca","0.286","-2.2201303589748","0.428","","",""
"GABA8","Isl1","0.289","-2.862050701127","0.422","","",""
"GABA8","Snca","0.291","-1.9694368286741","0.418","","",""
"GABA8","Cited1","0.292","-4.4905652558944","0.416","","",""
"GABA8","Prokr2","0.705","3.571272312936","0.41","","",""
"GABA8","Fxyd7","0.298","-2.1367103496537","0.404","","",""
"GABA8","Gabra5","0.298","-2.306482246583","0.404","","",""
"GABA8","4930506M07Rik","0.702","1.2915462800163","0.404","","",""
"GABA9","1500016L03Rik","0.972","2.6408941904023","0.944","","",""
"GABA9","Lhx1","0.954","3.1430371243923","0.908","","",""
"GABA9","Synpr","0.876","2.1270182297895","0.752","","",""
"GABA9","Igfbp5","0.867","1.4805643326165","0.734","","",""
"GABA9","Arhgap6","0.862","1.4823372811095","0.724","","",""
"GABA9","Cd24a","0.848","2.9497260204221","0.696","","",""
"GABA9","Six3","0.847","1.475552908558","0.694","","",""
"GABA9","Cadps2","0.836","2.292407873995","0.672","","",""
"GABA9","Syt10","0.836","1.7764121825113","0.672","","",""
"GABA9","Nfkbiz","0.825","1.90382746483","0.65","","",""
"GABA9","Vip","0.824","5.8782249691001","0.648","","",""
"GABA9","Trp53i11","0.818","1.3166199266325","0.636","","",""
"GABA9","Chst1","0.816","1.3787802886527","0.632","","",""
"GABA9","Id4","0.815","1.8527668329785","0.63","","",""
"GABA9","Msi2","0.796","1.0208093404552","0.592","","",""
"GABA9","Thy1","0.205","-3.5942378273229","0.59","","",""
"GABA9","Clu","0.206","-1.3902443096778","0.588","","",""
"GABA9","Napb","0.215","-1.8585131582765","0.57","","",""
"GABA9","Hpcal1","0.22","-3.6771948162873","0.56","","",""
"GABA9","Cdh2","0.776","1.395579984894","0.552","","",""
"GABA9","Spon1","0.775","1.9211018937183","0.55","","",""
"GABA9","Pou2f2","0.774","2.0876569580409","0.548","","",""
"GABA9","Rgs16","0.769","1.4231666718571","0.538","","",""
"GABA9","Tpbg","0.769","3.2360155473266","0.538","","",""
"GABA9","Lin7a","0.768","1.2161319697248","0.536","","",""
"GABA9","Ppfia2","0.763","1.5322751638695","0.526","","",""
"GABA9","Serp2","0.24","-1.1472608788898","0.52","","",""
"GABA9","Syt1","0.24","-1.3071335416336","0.52","","",""
"GABA9","Rgs4","0.242","-1.991462689829","0.516","","",""
"GABA9","Pbx1","0.757","1.2729867288495","0.514","","",""
"GABA9","Cplx2","0.244","-2.0926024835928","0.512","","",""
"GABA9","Pcmt1","0.246","-1.0951265604047","0.508","","",""
"GABA9","Zfhx3","0.749","1.4788176319421","0.498","","",""
"GABA9","Six6","0.748","1.4645740337077","0.496","","",""
"GABA9","Ecel1","0.255","-5.4519912017078","0.49","","",""
"GABA9","4930506M07Rik","0.745","1.2155953601523","0.49","","",""
"GABA9","Tob1","0.745","1.0096760117976","0.49","","",""
"GABA9","Ttll5","0.744","2.1104816281525","0.488","","",""
"GABA9","2010204K13Rik","0.258","-1.2221952997553","0.484","","",""
"GABA9","Calb2","0.74","1.2245545515335","0.48","","",""
"GABA9","Alcam","0.738","1.2200975166215","0.476","","",""
"GABA9","Parm1","0.737","1.3723593554636","0.474","","",""
"GABA9","Rgnef","0.732","1.383550170969","0.464","","",""
"GABA9","Junb","0.731","1.0083088931443","0.462","","",""
"GABA9","Rph3a","0.731","1.0066940937237","0.462","","",""
"GABA9","Odz3","0.729","1.5944083659229","0.458","","",""
"GABA9","Gabra3","0.273","-1.5432655164853","0.454","","",""
"GABA9","Nr3c1","0.277","-2.8654160306117","0.446","","",""
"GABA9","Six3os1","0.72","1.9080119566746","0.44","","",""
"GABA9","Dgkb","0.282","-2.5434822979884","0.436","","",""
"GABA9","Rgs2","0.284","-1.6315590024825","0.432","","",""
"GABA9","Rora","0.712","1.0789667860718","0.424","","",""
"GABA9","Pcdh19","0.711","1.1351038456458","0.422","","",""
"GABA9","Poldip3","0.711","1.0599433489154","0.422","","",""
"GABA9","Wdr61","0.291","-2.1280585011136","0.418","","",""
"GABA9","2810405K02Rik","0.293","-1.3561133385219","0.414","","",""
"GABA9","Nefl","0.293","-2.9929654344057","0.414","","",""
"GABA9","AI836003","0.707","1.0540821489529","0.414","","",""
"GABA9","Aldoc","0.296","-1.5499603846644","0.408","","",""
"GABA9","Rab3b","0.296","-1.2389875875486","0.408","","",""
"GABA9","1700001L19Rik","0.704","1.0117646700431","0.408","","",""
"GABA9","Dpcd","0.297","-1.0042228973966","0.406","","",""
"GABA9","Gnal","0.297","-2.7067978022934","0.406","","",""
"GABA9","Pdlim7","0.298","-1.4605490782552","0.404","","",""
"GABA9","Mtch2","0.299","-1.1666666279923","0.402","","",""
"GABA9","Stk32a","0.701","1.1375158645875","0.402","","",""
"GABA9","Sf3b5","0.3","-1.2055215790985","0.4","","",""
"GABA10","Prok2","0.975","2.9401954547388","0.95","","",""
"GABA10","Zcchc12","0.952","1.041672887369","0.904","","",""
"GABA10","Calcr","0.934","2.6526507696669","0.868","","",""
"GABA10","Ccne1","0.921","2.2848879298298","0.842","","",""
"GABA10","Alcam","0.912","1.5255959959538","0.824","","",""
"GABA10","Nr2f2","0.891","1.8635750518576","0.782","","",""
"GABA10","Herc3","0.887","1.4207994406042","0.774","","",""
"GABA10","Prlr","0.867","1.4906707592578","0.734","","",""
"GABA10","Slc5a5","0.857","1.6834521818287","0.714","","",""
"GABA10","Lin7a","0.841","1.1181633283595","0.682","","",""
"GABA10","Syt1","0.163","-2.5456605369601","0.674","","",""
"GABA10","Gpc4","0.837","1.8945968070722","0.674","","",""
"GABA10","Tmcc3","0.834","1.1518252881186","0.668","","",""
"GABA10","Gpc3","0.833","1.472333859273","0.666","","",""
"GABA10","Lypd1","0.829","1.1676805712872","0.658","","",""
"GABA10","Irs4","0.826","1.0421521627313","0.652","","",""
"GABA10","Atp6ap1l","0.825","2.1898763572849","0.65","","",""
"GABA10","Hmx2","0.815","1.5709364517182","0.63","","",""
"GABA10","Luzp2","0.814","1.222844771424","0.628","","",""
"GABA10","Brs3","0.813","3.1622484450893","0.626","","",""
"GABA10","Dlk1","0.199","-3.0928285444541","0.602","","",""
"GABA10","Egfl7","0.794","1.036216225515","0.588","","",""
"GABA10","Efhd2","0.792","1.0055120100404","0.584","","",""
"GABA10","B4galt6","0.787","1.013634514496","0.574","","",""
"GABA10","Mgat4c","0.787","1.1910612671126","0.574","","",""
"GABA10","Hmx3","0.778","1.1491307613288","0.556","","",""
"GABA10","Fgf9","0.776","1.341667295898","0.552","","",""
"GABA10","Dtna","0.772","1.2054506849252","0.544","","",""
"GABA10","Ethe1","0.768","1.1414445373807","0.536","","",""
"GABA10","Gfra2","0.767","1.1755510941891","0.534","","",""
"GABA10","Nkain4","0.765","1.6143049815633","0.53","","",""
"GABA10","Cntn4","0.762","2.2593666425813","0.524","","",""
"GABA10","Trpc5","0.762","1.5816414012714","0.524","","",""
"GABA10","Khnyn","0.759","2.1301224905743","0.518","","",""
"GABA10","Ndst4","0.759","2.195503726814","0.518","","",""
"GABA10","Mad2l2","0.758","1.0144559607558","0.516","","",""
"GABA10","Rgs20","0.757","1.2358864229693","0.514","","",""
"GABA10","Plcxd3","0.756","1.4053071994586","0.512","","",""
"GABA10","Crim1","0.747","1.1688210191947","0.494","","",""
"GABA10","Tmod1","0.747","1.3367488002893","0.494","","",""
"GABA10","Tmem176b","0.256","-5.2721154694992","0.488","","",""
"GABA10","Oprk1","0.743","1.3983832396795","0.486","","",""
"GABA10","Cadm2","0.742","1.0268792687487","0.484","","",""
"GABA10","Elavl1","0.741","1.0975387264738","0.482","","",""
"GABA10","Stc1","0.74","1.4848615134816","0.48","","",""
"GABA10","Rasgrf1","0.262","-1.0505133085813","0.476","","",""
"GABA10","Dlg3","0.738","1.283184078951","0.476","","",""
"GABA10","Hps1","0.737","1.7130339860972","0.474","","",""
"GABA10","Apoc3","0.735","1.4116253552696","0.47","","",""
"GABA10","Slitrk2","0.734","1.4892956648207","0.468","","",""
"GABA10","Cpne7","0.729","1.0138501275355","0.458","","",""
"GABA10","Cdh13","0.275","-5.0431174775015","0.45","","",""
"GABA10","Mark2","0.723","1.117855776538","0.446","","",""
"GABA10","Dlx1as","0.722","1.2986471384085","0.444","","",""
"GABA10","Rapgef2","0.72","1.1250762492842","0.44","","",""
"GABA10","Sec22c","0.72","1.1494686327643","0.44","","",""
"GABA10","Mier2","0.711","1.149078858256","0.422","","",""
"GABA10","Rragc","0.709","1.1539694789335","0.418","","",""
"GABA10","Pth2r","0.708","2.9372603114206","0.416","","",""
"GABA10","Insm2","0.704","2.6501312897674","0.408","","",""
"GABA10","Vat1l","0.298","-1.3772781328249","0.404","","",""
"GABA10","Arhgap6","0.299","-5.0708321076107","0.402","","",""
"GABA11","Ghrh","1","6.9219260578389","1","","",""
"GABA11","Gal","0.923","1.5516478697397","0.846","","",""
"GABA11","Ecel1","0.92","1.386172354523","0.84","","",""
"GABA11","Rpl11","0.861","1.2172357713822","0.722","","",""
"GABA11","Scgn","0.861","3.0306636006098","0.722","","",""
"GABA11","Rpl3","0.845","1.0339016084747","0.69","","",""
"GABA11","Asb4","0.843","1.3605944516711","0.686","","",""
"GABA11","Rps17","0.843","1.2617853270164","0.686","","",""
"GABA11","Rps27a","0.843","1.1938442953775","0.686","","",""
"GABA11","Rpl31","0.842","1.0616825085143","0.684","","",""
"GABA11","Rps12","0.842","1.3940774791402","0.684","","",""
"GABA11","Rpl6","0.84","1.0107060889482","0.68","","",""
"GABA11","Rps8","0.819","1.0343350449041","0.638","","",""
"GABA11","Kcnip1","0.818","1.2119807296164","0.636","","",""
"GABA11","Rps23","0.816","1.2053961393742","0.632","","",""
"GABA11","Rpl9","0.812","1.0723918149047","0.624","","",""
"GABA11","Rpl36a","0.811","1.1106505503784","0.622","","",""
"GABA11","Tmem35","0.811","1.4286775457356","0.622","","",""
"GABA11","Slc10a4","0.8","2.8532824907617","0.6","","",""
"GABA11","Rpl21","0.798","1.0415254742602","0.596","","",""
"GABA11","Rpl17","0.794","1.0688152683531","0.588","","",""
"GABA11","Rpl12","0.786","1.3138507654876","0.572","","",""
"GABA11","Pik3r1","0.771","1.4582544193598","0.542","","",""
"GABA11","Pcsk2","0.235","-2.7354611160014","0.53","","",""
"GABA11","Xist","0.235","-1.1121603151341","0.53","","",""
"GABA11","Thy1","0.239","-2.2833170030923","0.522","","",""
"GABA11","Atp1b3","0.758","1.0056083048694","0.516","","",""
"GABA11","Rpl28","0.755","1.0052710276897","0.51","","",""
"GABA11","Aldoc","0.249","-2.4218349175127","0.502","","",""
"GABA11","Ntm","0.254","-2.3265130027865","0.492","","",""
"GABA11","Nfkbia","0.744","1.1180920947326","0.488","","",""
"GABA11","Blcap","0.257","-1.0750190740351","0.486","","",""
"GABA11","Dner","0.265","-1.1861507127378","0.47","","",""
"GABA11","Cygb","0.266","-1.5783824483879","0.468","","",""
"GABA11","Tmem90a","0.733","2.1583599883155","0.466","","",""
"GABA11","Fstl5","0.732","1.4289667599047","0.464","","",""
"GABA11","Chn2","0.731","1.5153264390819","0.462","","",""
"GABA11","Lamb3","0.724","1.7230872072204","0.448","","",""
"GABA11","Pld5","0.724","2.1019929548501","0.448","","",""
"GABA11","Rnf219","0.723","1.7441809293748","0.446","","",""
"GABA11","Mt3","0.28","-1.1604164529398","0.44","","",""
"GABA11","Arhgap24","0.712","1.8700797626324","0.424","","",""
"GABA11","Aes","0.289","-1.0404351872098","0.422","","",""
"GABA11","Grik1","0.71","1.2735971108171","0.42","","",""
"GABA11","Nlk","0.71","1.3267892507432","0.42","","",""
"GABA11","Gsx1","0.709","1.943671936918","0.418","","",""
"GABA11","Vsnl1","0.293","-1.3228617673499","0.414","","",""
"GABA11","Hs6st2","0.294","-2.6481895793411","0.412","","",""
"GABA11","Cacna2d2","0.295","-1.4670936960703","0.41","","",""
"GABA11","E2f6","0.704","1.1065637810158","0.408","","",""
"GABA11","Plp1","0.297","1.3588786372175","0.406","","",""
"GABA11","Chst1","0.3","-1.3679110515843","0.4","","",""
"GABA12","Crabp1","0.983","4.9223668780024","0.966","","",""
"GABA12","Tbx3","0.854","2.4000042211318","0.708","","",""
"GABA12","Vgll3","0.784","3.898161123324","0.568","","",""
"GABA12","Rxrg","0.774","2.0499858939661","0.548","","",""
"GABA12","BC048546","0.766","1.7317772832925","0.532","","",""
"GABA12","Gad2","0.242","-1.0743489244653","0.516","","",""
"GABA12","Gabra5","0.74","1.3542564895756","0.48","","",""
"GABA12","Dgkk","0.724","1.2061650602671","0.448","","",""
"GABA12","Thy1","0.285","-1.6817644387091","0.43","","",""
"GABA12","Necab1","0.705","1.7802588765529","0.41","","",""
"GABA13","Gal","0.846","2.4200796663919","0.692","","",""
"GABA13","Rgs10","0.838","1.6525870796413","0.676","","",""
"GABA13","Hpcal1","0.83","1.0432585105907","0.66","","",""
"GABA13","Dlx1","0.814","1.1822493962366","0.628","","",""
"GABA13","Hmx3","0.77","1.742737070647","0.54","","",""
"GABA13","Slc18a2","0.734","1.2588417483215","0.468","","",""
"GABA13","Dgkb","0.727","1.0526868621887","0.454","","",""
"GABA13","Pde1c","0.708","1.8536988893516","0.416","","",""
"GABA14","Rap2b","0.863","1.6536066630456","0.726","","",""
"GABA14","Sst","0.853","2.3726806478302","0.706","","",""
"GABA14","Nrgn","0.85","2.1071523111384","0.7","","",""
"GABA14","Sstr1","0.843","2.3768232776704","0.686","","",""
"GABA14","Cpne6","0.819","1.1025690877176","0.638","","",""
"GABA14","Rnf128","0.813","1.8607640438555","0.626","","",""
"GABA14","Amigo2","0.783","1.4299892298091","0.566","","",""
"GABA14","Dcaf12l1","0.772","1.0854762515256","0.544","","",""
"GABA14","Cbln4","0.752","2.0975795004623","0.504","","",""
"GABA14","Nnat","0.256","-2.152741982105","0.488","","",""
"GABA14","Gpr101","0.738","2.099074409899","0.476","","",""
"GABA14","Ngb","0.734","1.0138633139246","0.468","","",""
"GABA14","Efnb2","0.732","1.8667689594178","0.464","","",""
"GABA14","Dlx1","0.277","-3.4556504985241","0.446","","",""
"GABA14","Pde4b","0.72","1.376854074045","0.44","","",""
"GABA14","Dpp10","0.717","1.2605721746918","0.434","","",""
"GABA15","Agrp","0.991","6.0144410958036","0.982","","",""
"GABA15","Npy","0.991","3.467262682218","0.982","","",""
"GABA15","Serpina3n","0.973","3.0501429681986","0.946","","",""
"GABA15","Cited1","0.969","2.5247334135982","0.938","","",""
"GABA15","Irs4","0.898","1.8075130743484","0.796","","",""
"GABA15","Kcnk2","0.857","1.6900813141151","0.714","","",""
"GABA15","Rgs2","0.85","1.3935281590614","0.7","","",""
"GABA15","Gpx3","0.838","1.0330620000201","0.676","","",""
"GABA15","Tmem176b","0.836","1.1219747652412","0.672","","",""
"GABA15","Acvr1c","0.835","3.4696319238772","0.67","","",""
"GABA15","Arhgap6","0.819","1.215955602376","0.638","","",""
"GABA15","Ociad2","0.818","1.1679876808658","0.636","","",""
"GABA15","Npy2r","0.813","1.5442638653792","0.626","","",""
"GABA15","Atf3","0.811","2.3033649195904","0.622","","",""
"GABA15","Fam159b","0.809","1.7867971777603","0.618","","",""
"GABA15","H2-D1","0.809","1.0668476202653","0.618","","",""
"GABA15","Ghr","0.807","2.6401197466147","0.614","","",""
"GABA15","B2m","0.802","1.2013605587521","0.604","","",""
"GABA15","Rrad","0.796","1.3290552351114","0.592","","",""
"GABA15","Vsnl1","0.206","-2.0006782069086","0.588","","",""
"GABA15","Tbx3","0.794","1.8912998739417","0.588","","",""
"GABA15","Igsf1","0.791","1.6818719322057","0.582","","",""
"GABA15","Slc32a1","0.21","-1.1556036110752","0.58","","",""
"GABA15","Nnat","0.215","-2.394192590804","0.57","","",""
"GABA15","Prkar2b","0.782","1.3110014672809","0.564","","",""
"GABA15","Stat3","0.773","1.2390821087632","0.546","","",""
"GABA15","Pitpnc1","0.765","1.4409930302","0.53","","",""
"GABA15","Fam107a","0.764","2.0093337301802","0.528","","",""
"GABA15","Cd63","0.763","1.0254994593599","0.526","","",""
"GABA15","4732456N10Rik","0.76","2.4495720398403","0.52","","",""
"GABA15","Krtap17-1","0.76","2.9889817496965","0.52","","",""
"GABA15","Rnd3","0.756","1.2565656566365","0.512","","",""
"GABA15","Arhgap36","0.75","1.1254010448126","0.5","","",""
"GABA15","Tmem176a","0.75","1.2916049764136","0.5","","",""
"GABA15","Csgalnact1","0.748","2.0086595302341","0.496","","",""
"GABA15","Rgnef","0.739","1.2396177670573","0.478","","",""
"GABA15","Angpt1","0.735","3.1943007871947","0.47","","",""
"GABA15","Nfkbiz","0.735","1.2287208546685","0.47","","",""
"GABA15","Syt1","0.266","-1.3264417274338","0.468","","",""
"GABA15","Dlx1","0.267","-3.9894813961814","0.466","","",""
"GABA15","Hspb8","0.732","2.7165738394729","0.464","","",""
"GABA15","Hpcal1","0.273","-2.1020931832445","0.454","","",""
"GABA15","Vwa5a","0.724","2.7293833606436","0.448","","",""
"GABA15","Flrt3","0.722","1.1834867527121","0.444","","",""
"GABA15","Calcr","0.72","1.0864441110698","0.44","","",""
"GABA15","Dner","0.283","-1.0257633943678","0.434","","",""
"GABA15","Akap12","0.715","1.0457685258245","0.43","","",""
"GABA15","Gpc4","0.713","1.5316962374165","0.426","","",""
"GABA15","Ncam2","0.712","1.0185315538987","0.424","","",""
"GABA15","Cdh13","0.293","-2.4702879490109","0.414","","",""
"GABA15","Vim","0.707","1.5852451517797","0.414","","",""
"GABA15","Klraq1","0.703","1.1215195592204","0.406","","",""
"GABA15","P4htm","0.299","-1.1429709175817","0.402","","",""
"GABA16","Asb4","0.851","1.4543801460281","0.702","","",""
"GABA16","Cox6a2","0.803","2.6954058045746","0.606","","",""
"GABA16","Fxyd7","0.801","1.3015184922931","0.602","","",""
"GABA16","Ccnd1","0.777","2.1509624967904","0.554","","",""
"GABA16","Nnat","0.243","-2.1699092877675","0.514","","",""
"GABA16","Cplx2","0.254","-1.7800138805798","0.492","","",""
"GABA16","Ntm","0.264","-2.0489031155674","0.472","","",""
"GABA16","Cartpt","0.734","1.7552671927618","0.468","","",""
"GABA16","Gsx1","0.732","2.7052704039388","0.464","","",""
"GABA16","Parm1","0.722","1.1104855859082","0.444","","",""
"GABA16","H2-D1","0.711","1.8167744080974","0.422","","",""
"GABA16","Rbp1","0.706","2.0273371765299","0.412","","",""
"GABA16","Arhgap6","0.295","-3.9520086943967","0.41","","",""
"GABA16","Dlx1","0.299","-1.8120929393313","0.402","","",""
"GABA17","Prlr","0.957","2.3141656753117","0.914","","",""
"GABA17","Slc18a2","0.936","2.8449974785519","0.872","","",""
"GABA17","Hsbp1","0.928","1.0260646876905","0.856","","",""
"GABA17","Rab3b","0.92","1.5868790550413","0.84","","",""
"GABA17","Th","0.898","2.5992877104294","0.796","","",""
"GABA17","Coch","0.865","3.1095663851439","0.73","","",""
"GABA17","1500016L03Rik","0.86","1.109063341346","0.72","","",""
"GABA17","Ddc","0.86","1.7181761060097","0.72","","",""
"GABA17","Gpr83","0.854","2.2546029923586","0.708","","",""
"GABA17","Nucb2","0.851","1.1118988011134","0.702","","",""
"GABA17","Slc6a3","0.847","4.5566884602187","0.694","","",""
"GABA17","Gabra2","0.846","1.2587947844389","0.692","","",""
"GABA17","Arhgap6","0.842","1.2135245257989","0.684","","",""
"GABA17","Mt1","0.837","1.7513614998257","0.674","","",""
"GABA17","B630019K06Rik","0.83","1.0811688677066","0.66","","",""
"GABA17","Peg10","0.823","1.1310824762835","0.646","","",""
"GABA17","Ecel1","0.817","1.0175578727319","0.634","","",""
"GABA17","Six6","0.815","1.1101852686011","0.63","","",""
"GABA17","Trpc6","0.794","2.6295327676995","0.588","","",""
"GABA17","Pkib","0.793","1.0870338918989","0.586","","",""
"GABA17","Tmed3","0.79","1.0365164072454","0.58","","",""
"GABA17","Mpped2","0.789","1.3609701476296","0.578","","",""
"GABA17","Lhx1","0.786","1.0190932053001","0.572","","",""
"GABA17","Igsf1","0.781","1.6679147040862","0.562","","",""
"GABA17","Tmem35","0.78","1.031263950891","0.56","","",""
"GABA17","Aldh9a1","0.779","1.4334680086767","0.558","","",""
"GABA17","Pde1a","0.779","1.3604931672801","0.558","","",""
"GABA17","Cartpt","0.763","2.1344799955324","0.526","","",""
"GABA17","Plxnc1","0.761","1.0098566993326","0.522","","",""
"GABA17","Diap3","0.756","2.2632509256827","0.512","","",""
"GABA17","Scn7a","0.754","2.677229854162","0.508","","",""
"GABA17","Tram1","0.751","1.0279870345528","0.502","","",""
"GABA17","Gch1","0.744","1.7887943963147","0.488","","",""
"GABA17","Arhgap36","0.742","1.0820395414939","0.484","","",""
"GABA17","Penk","0.74","1.0364645938092","0.48","","",""
"GABA17","Hist1h2bc","0.732","1.6839506565175","0.464","","",""
"GABA17","S100a10","0.728","1.2888329954217","0.456","","",""
"GABA17","Alcam","0.726","1.1246654733139","0.452","","",""
"GABA17","Ezr","0.725","1.1595114967946","0.45","","",""
"GABA17","Plcxd3","0.724","1.1671191989074","0.448","","",""
"GABA17","Mt2","0.72","1.5691301046096","0.44","","",""
"GABA17","Dgke","0.718","1.2031031903723","0.436","","",""
"GABA17","Ankrd34b","0.717","1.1605376244209","0.434","","",""
"GABA17","Amigo2","0.715","1.0168683182131","0.43","","",""
"GABA17","Nts","0.715","1.2562275866851","0.43","","",""
"GABA17","Pcsk2","0.286","-1.9425968756183","0.428","","",""
"GABA17","Ppp4r4","0.713","1.1723299986711","0.426","","",""
"GABA17","Ccdc74a","0.711","1.0337202183012","0.422","","",""
"GABA17","Enpp4","0.708","1.1118311382851","0.416","","",""
"GABA17","6030405A18Rik","0.707","2.5143305666254","0.414","","",""
"GABA17","Arx","0.707","1.4280816780039","0.414","","",""
"GABA17","Hsd3b7","0.703","2.0789470664111","0.406","","",""
"GABA17","Hs6st2","0.298","-2.5561280496351","0.404","","",""
"GABA17","Cpne4","0.701","1.1782184719671","0.402","","",""
"GABA18","1500016L03Rik","0.834","1.6464443441709","0.668","","",""
"GABA18","Pam","0.193","-1.6010704205791","0.614","","",""
"GABA18","Coch","0.789","1.6905871330037","0.578","","",""
"GABA18","Scg2","0.214","-1.1950183121458","0.572","","",""
"GABA18","Arx","0.759","1.8760088408556","0.518","","",""
"GABA18","Lhx1","0.713","1.2674040926678","0.426","","",""
"GABA18","Six6","0.704","1.0425928214529","0.408","","",""
"Hista","Prph","1","5.6358710647985","1","","",""
"Hista","Wif1","0.998","5.2453389119143","0.996","","",""
"Hista","Cldn26","0.951","4.3751538686559","0.902","","",""
"Hista","Slc18a2","0.949","4.1913865437239","0.898","","",""
"Hista","Elavl2","0.935","2.0108448338728","0.87","","",""
"Hista","Hrh3","0.909","2.1877406163362","0.818","","",""
"Hista","Hdc","0.904","4.6680667773937","0.808","","",""
"Hista","Sncg","0.894","3.4464220520164","0.788","","",""
"Hista","Maob","0.888","3.7533886866276","0.776","","",""
"Hista","Msrb2","0.886","3.1485921323683","0.772","","",""
"Hista","Gpc4","0.882","2.6695840303412","0.764","","",""
"Hista","Grm1","0.857","2.067314969451","0.714","","",""
"Hista","Matn2","0.848","3.1054012149569","0.696","","",""
"Hista","Tspan12","0.837","2.5217426247469","0.674","","",""
"Hista","Jun","0.165","-2.9224936263184","0.67","","",""
"Hista","Rapgef4","0.823","2.1369141390329","0.646","","",""
"Hista","Wnt2","0.816","4.0204916821929","0.632","","",""
"Hista","Slc35d3","0.815","4.0233022129101","0.63","","",""
"Hista","Ptn","0.188","-6.6094819461305","0.624","","",""
"Hista","Npl","0.805","3.1862280207712","0.61","","",""
"Hista","Fam107b","0.795","2.6753348499123","0.59","","",""
"Hista","Cachd1","0.788","2.2967699572706","0.576","","",""
"Hista","Egr1","0.215","-3.1730942752154","0.57","","",""
"Hista","AB099516","0.773","4.6083323614114","0.546","","",""
"Hista","Avil","0.771","3.9106612229873","0.542","","",""
"Hista","Cdh22","0.769","2.103496607647","0.538","","",""
"Hista","Rspo2","0.769","3.6947849854706","0.538","","",""
"Hista","Rasgrf1","0.24","-5.1397734607425","0.52","","",""
"Hista","Alcam","0.246","-5.4080003631726","0.508","","",""
"Hista","Skap1","0.752","2.292250108778","0.504","","",""
"Hista","Olfml2b","0.751","2.1776416416442","0.502","","",""
"Hista","Slc7a8","0.75","2.4547840699689","0.5","","",""
"Hista","Slc36a1","0.747","2.3973864637618","0.494","","",""
"Hista","Apoe","0.257","-4.4536588515348","0.486","","",""
"Hista","Junb","0.258","-2.8015008826676","0.484","","",""
"Hista","Sparcl1","0.259","-3.2756939110584","0.482","","",""
"Hista","Dlx6","0.738","2.0750250256262","0.476","","",""
"Hista","Ptchd1","0.736","2.2802950101693","0.472","","",""
"Hista","Nnat","0.265","-2.5680329946728","0.47","","",""
"Hista","Tmem176b","0.277","-5.2632937355756","0.446","","",""
"Hista","Dbp","0.278","-2.2231673247783","0.444","","",""
"Hista","Oas1c","0.722","3.1452188713492","0.444","","",""
"Hista","Slc16a10","0.721","2.9817471217114","0.442","","",""
"Hista","Clic6","0.718","2.6532815427508","0.436","","",""
"Hista","Sync","0.714","2.2597997160949","0.428","","",""
"Hista","Rab3b","0.287","-5.323467663725","0.426","","",""
"Hista","Tcf4","0.291","-2.4814244241253","0.418","","",""
"Hista","Cxxc5","0.294","-2.8667843148955","0.412","","",""
"Hista","Tsc22d4","0.296","-3.4059345947946","0.408","","",""
"Hista","Sv2c","0.704","2.3602343479787","0.408","","",""
"Hista","Enpp2","0.298","-5.9897761018748","0.404","","",""
"Hista","Limch1","0.298","-3.1905886797539","0.404","","",""
"Hista","Btg2","0.3","-3.0787414740389","0.4","","",""
